tag,debt,treasury
GER,3232.5760,101.0180
ENG,4002.6000,80.0520
SOV,512.2600,51.2260
SWE,234.1500,13.3800
FRA,3770.2560,67.3260
LUX,25.3000,2.0240
BEL,761.7750,14.5100
HOL,626.4160,26.6560
CZE,175.9500,7.8200
POL,517.7500,20.7100
AUS,463.6000,11.5900
LIT,38.0800,1.9040
EST,9.4000,1.0000
LAT,21.8700,1.0000
SPR,2001.8250,38.1300
ITA,3444.6600,51.0320
ROM,222.9240,8.5740
YUG,0.0000,1.0000
SER,55.0000,2.0000
SWI,417.4000,20.8700
TUR,511.1360,31.9460
GRE,448.9600,5.6120
ALB,18.3000,1.0000
NOR,238.8600,63.6960
DEN,138.7500,9.2500
BUL,32.7000,2.6160
POR,381.2600,6.9320
FIN,237.7500,6.3400
IRE,324.7650,14.4340
HUN,184.8750,4.9300
AFG,1.7800,1.0000
ARG,1058.8050,13.6620
AST,899.2500,35.9700
BHU,1.2600,1.0000
BOL,51.8400,1.2960
BRA,1732.7240,45.5980
CAN,2482.2930,46.3980
CHI,16573.3000,389.9600
CHL,142.9600,7.1480
COL,251.5700,9.1480
COS,82.3200,2.0580
ECU,71.6650,2.6060
ELS,31.1950,1.0000
ETH,50.5600,2.5280
GUA,36.9900,2.4660
HON,19.8000,1.0000
IRQ,127.2000,5.0880
JAP,11088.0000,88.7040
KOR,1029.8200,37.4480
LIB,2.8600,1.0000
MEX,1062.9080,36.6520
MEN,0.0000,1.0000
NEP,20.4750,1.0000
NIC,12.2100,1.0000
NZL,118.8450,5.2820
PAN,49.7750,1.8100
PER,108.8100,7.2540
PHI,292.2600,9.7420
PRU,117.2150,6.6980
SAF,320.4000,8.5440
SAU,383.0700,102.1520
SIA,357.7400,11.5400
SIK,0.0000,1.0000
TIB,0.0000,1.0000
URG,55.4450,1.7060
VEN,149.5500,1.9940
YUN,0.0000,1.0000
USA,37539.0340,615.3940
MON,20.3200,1.0000
TAN,0.0000,1.0000
PAR,19.7200,1.0000
CUB,128.8800,2.1480
DOM,76.4400,2.5480
HAI,9.6300,1.0000
YEM,3.2000,1.0000
OMA,43.8400,2.1920
SLO,89.6100,3.0900
RAJ,3244.0020,79.1220
CRO,68.3150,2.1020
GXC,0.0000,1.0000
PRC,0.0000,1.0000
SHX,0.0000,1.0000
XSM,0.0000,1.0000
ICE,25.0900,1.0000
LEB,46.8000,1.0000
JOR,55.4400,1.2320
SYR,35.5500,1.0000
EGY,347.0350,7.3060
LBA,25.2000,1.0000
WGR,0.0000,1.0000
DDR,0.0000,1.0000
PAL,4.0000,1.0000
ISR,415.3440,12.2160
VIN,190.4390,10.2940
CAM,17.9550,1.0260
MAL,311.6520,9.4440
INS,578.2400,28.9120
LAO,20.1300,1.0000
MNT,6.4400,1.0000
UKR,192.7800,4.2840
GEO,15.2400,1.0000
KAZ,76.5500,6.1240
AZR,13.6620,1.5180
ARM,14.6000,1.0000
BLR,37.3600,1.8680
ANG,85.5400,2.4440
MZB,22.3000,1.0000
ZIM,46.0800,1.0240
COG,18.2000,1.8200
KEN,95.1300,2.7180
PAK,305.4750,8.1460
BOT,3.9800,1.0000
MAN,0.0000,1.0000
BAH,12.6400,1.0000
BAN,173.3940,9.1260
BLZ,2.1450,1.0000
BRM,49.0200,1.6340
CRC,1.5000,1.0000
GDL,0.0000,1.0000
GYA,8.1300,1.0000
JAM,17.0250,1.0000
JAN,0.0000,1.0000
KYR,11.3000,1.0000
MAD,10.7800,1.0000
MOL,7.1400,1.0000
PNG,16.2500,1.0000
PUE,0.0000,1.0000
QAT,97.0200,21.5600
SCO,0.0000,1.0000
SRL,108.8000,2.1760
SUR,3.6000,1.0000
TAJ,6.1950,1.0000
TRI,14.2450,1.0000
TMS,4.9800,1.0000
UAE,165.6900,55.2300
UZB,51.4500,2.9400
KUW,15.7200,18.8640
CYP,32.9600,1.0000
MLT,13.9000,1.0000
ALG,143.5000,5.7400
MOR,127.6800,3.6480
TUN,46.0000,1.1500
SUD,120.4000,1.2040
ERI,0.4200,1.0000
DJI,2.0700,1.0000
SOM,5.2000,1.0000
UGA,31.0000,1.2400
RWA,11.4800,1.0000
BRD,2.3800,1.0000
TZN,40.5450,1.8020
ZAM,23.1200,1.0000
MLW,10.4300,1.0000
GAB,12.8400,1.0000
RCG,14.6700,1.0000
EQG,5.1200,1.0000
CMR,26.5050,1.1780
CAR,1.5500,1.0000
CHA,9.6750,1.0000
NGA,145.4000,5.8160
DAH,13.5300,1.0000
TOG,8.3300,1.0000
GHA,97.0700,2.2840
IVO,57.8840,1.9960
VOL,15.1800,1.0000
MLI,15.0500,1.0000
SIE,6.0000,1.0000
GNA,11.3200,1.0000
GNB,2.0000,1.0000
SEN,29.6000,1.0000
GAM,2.0800,1.0000
WLS,0.0000,1.0000
NGR,10.8000,1.0000
CSA,0.0000,1.0000
USB,0.0000,1.0000
MRT,5.2650,1.0000
NMB,10.5700,1.0000
WES,0.5000,1.0000
BAS,0.0000,1.0000
CAY,0.0000,1.0000
MLD,5.3900,1.0000
FIJ,4.9600,1.0000
FSM,0.0500,1.0000
TAH,0.0000,1.0000
GUM,0.0000,1.0000
SOL,0.0500,1.0000
SAM,0.0500,1.0000
HAW,0.0000,1.0000
SLV,55.7200,1.5920
BOS,11.4100,1.0000
HRZ,0.0000,1.0000
MAC,10.5050,1.0000
NIR,0.0000,1.0000
BAY,0.0000,1.0000
MEK,0.0000,1.0000
PRE,0.0000,1.0000
SAX,0.0000,1.0000
HAN,0.0000,1.0000
WUR,0.0000,1.0000
SHL,0.0000,1.0000
CAT,0.0000,1.0000
NAV,0.0000,1.0000
GLC,0.0000,1.0000
ADU,0.0000,1.0000
BRI,0.0000,1.0000
OCC,0.0000,1.0000
COR,0.0000,1.0000
KUR,11.2000,1.0000
TRA,0.0000,1.0000
DNZ,0.0000,1.0000
SIL,0.0000,1.0000
KSH,0.0000,1.0000
DON,0.0000,1.0000
KUB,0.0000,1.0000
BUK,0.0000,1.0000
ALT,0.0000,1.0000
KAL,0.0000,1.0000
KAR,0.0000,1.0000
CRI,0.0000,1.0000
TAT,0.0000,1.0000
CIN,0.0000,1.0000
DAG,0.0000,1.0000
BYA,0.0000,1.0000
CKK,0.0000,1.0000
FER,0.0000,1.0000
YAK,0.0000,1.0000
VLA,0.0000,1.0000
KKP,0.0000,1.0000
YAM,0.0000,1.0000
TAY,0.0000,1.0000
OVO,0.0000,1.0000
NEN,0.0000,1.0000
KOM,0.0000,1.0000
ABK,0.2400,1.0000
KBK,0.0000,1.0000
NOA,0.0000,1.0000
VGE,0.0000,1.0000
BSK,0.0000,1.0000
KHI,0.0000,1.0000
UDM,0.0000,1.0000
CHU,0.0000,1.0000
MEL,0.0000,1.0000
RIF,0.0000,1.0000
HAR,0.0000,1.0000
TIG,0.0000,1.0000
AFA,0.0000,1.0000
BEG,0.0000,1.0000
GBA,0.0000,1.0000
SID,0.0000,1.0000
ORO,0.0000,1.0000
QEM,0.0000,1.0000
KHA,0.0000,1.0000
AOI,0.0000,1.0000
LBV,0.0000,1.0000
PAP,0.0000,1.0000
TOS,0.0000,1.0000
SPM,0.0000,1.0000
TTS,0.0000,1.0000
SMI,0.0000,1.0000
GRN,0.6600,1.0000
RAP,0.0000,1.0000
YUC,0.0000,1.0000
RIG,0.0000,1.0000
QUE,0.0000,1.0000
KAT,0.0000,1.0000
BIA,0.0000,1.0000
WLA,0.0000,1.0000
CBV,2.4800,1.0000
BAR,0.0000,1.0000
EVE,0.0000,1.0000
SOK,0.0000,1.0000
THU,0.0000,1.0000
HES,0.0000,1.0000
RHI,0.0000,1.0000
UBD,0.0000,1.0000
KOS,2.5000,1.0000
RKB,0.0000,1.0000
RKN,0.0000,1.0000
RKG,0.0000,1.0000
RKU,0.0000,1.0000
RKO,0.0000,1.0000
RKK,0.0000,1.0000
RKT,0.0000,1.0000
RKM,0.0000,1.0000
RKL,0.0000,1.0000
GEN,0.0000,1.0000
RKH,0.0000,1.0000
RKI,0.0000,1.0000
RKC,0.0000,1.0000
RGB,0.0000,1.0000
RKA,0.0000,1.0000
RNA,0.0000,1.0000
RKV,0.0000,1.0000
RAN,0.0000,1.0000
RCO,0.0000,1.0000
RUS,0.0000,1.0000
RHD,0.0000,1.0000
RAR,0.0000,1.0000
ROA,0.0000,1.0000
RAA,0.0000,1.0000
GAR,0.0000,1.0000
INC,0.0000,1.0000
MIS,0.0000,1.0000
MAY,0.0000,1.0000
INU,0.0000,1.0000
CHR,0.0000,1.0000
ITZ,0.0000,1.0000
NAH,0.0000,1.0000
IAS,0.0000,1.0000
DIP,0.0000,1.0000
PSH,0.0000,1.0000
HYD,0.0000,1.0000
MYS,0.0000,1.0000
RJP,0.0000,1.0000
CIP,0.0000,1.0000
RAS,0.0000,1.0000
NWF,0.0000,1.0000
KAS,0.0000,1.0000
MPU,0.0000,1.0000
WIS,0.0000,1.0000
KOL,0.0000,1.0000
KHL,0.0000,1.0000
SIN,0.0000,1.0000
KLT,0.0000,1.0000
SKK,0.0000,1.0000
FSA,0.0000,1.0000
ASY,0.0000,1.0000
BHR,14.7000,1.0000
IMO,0.0000,1.0000
BLC,0.0000,1.0000
EZO,0.0000,1.0000
OKN,0.0000,1.0000
ANU,0.0000,1.0000
PLU,0.0500,1.0000
FOR,237.0000,15.8000
TML,0.2850,1.0000
CHM,0.0000,1.0000
SNG,241.5600,108.7020
SAR,0.0000,1.0000
SAB,0.0000,1.0000
BRN,0.4500,1.0000
WPG,0.0000,1.0000
KUM,0.0000,1.0000
GSM,0.0000,1.0000
GDC,0.0000,1.0000
KHM,0.0000,1.0000
NXM,0.0000,1.0000
SND,0.0000,1.0000
SIC,0.0000,1.0000
XIC,0.0000,1.0000
RNG,0.0000,1.0000
PSR,0.0000,1.0000
HBC,0.0000,1.0000
SDL,0.0000,1.0000
RUT,0.0000,1.0000
GAL,0.0000,1.0000
BLI,0.0000,1.0000
ATJ,0.0000,1.0000
SSI,0.0000,1.0000
POK,0.0000,1.0000
GOW,0.0000,1.0000
TNE,0.0000,1.0000
BOU,0.0000,1.0000
VAN,0.0500,1.0000
CPS,0.0000,1.0000
DPK,7.2000,1.0000
SSD,7.2000,1.0000
KIR,0.0600,1.0000
TUV,0.0100,1.0000
NAU,0.1000,1.0000
MHL,0.1200,1.0000
MAU,12.9600,1.0000
COM,0.9000,1.0000
STP,0.8000,1.0000
SEY,1.6800,1.0000
SML,1.2000,1.0000
NCY,2.4000,1.0000
HAM,0.8000,1.0000
HEZ,0.5000,1.0000
HOU,3.0000,1.0000
YNR,0.3200,1.0000
NUG,3.2000,1.0000
ATG,1.8400,1.0000
DMA,0.5600,1.0000
STL,1.8900,1.0000
SVG,1.0400,1.0000
GND,0.9800,1.0000
BRB,8.8000,1.0000
PMR,0.4800,1.0000
ROJ,2.4000,1.0000
STC,2.0000,1.0000
DRZ,0.4000,1.0000
SNA,0.4000,1.0000
PNT,1.2000,1.0000
JUB,0.4000,1.0000
SHB,0.2000,1.0000
M23,0.6000,1.0000
SOE,0.0200,1.0000
NRF,0.0100,1.0000
LES,1.5600,1.0000
SWZ,1.0400,1.0000
LNA,24.3000,1.0000
RSF,6.0000,1.0000
SIO,0.5000,1.0000
AZA,0.2000,1.0000
IG1,0.0000,1.0000
IG2,0.0000,1.0000
IG3,0.0000,1.0000
IG4,0.0000,1.0000
