tag,ruling,last_election,election_frequency,elections_allowed,research_slots,tech_tier,social_democracy,social_liberalism,liberal_conservatism,progressive_populism,national_populism,sovereign_democracy,military_junta,absolute_monarchy,state_socialism,left_wing_nationalism,islamic_democracy,theocratic_absolutism,jihadist_fundamentalism,democratic_confederalism,fascism,communism,technocracy,anarcho_communism
GER,liberal_conservatism,2025.2.23,48,1,4,2,22,10,30,12,20,0,0,0,0,0,0,0,0,0,2,4,0,0
ENG,social_democracy,2024.7.4,60,1,4,3,38,10,28,4,18,0,0,0,0,0,0,0,0,0,0,2,0,0
SOV,sovereign_democracy,2024.3.17,72,0,4,3,4,0,6,0,12,68,0,0,0,0,0,0,0,0,2,8,0,0
SWE,liberal_conservatism,2022.9.11,48,1,3,2,30,14,32,6,14,0,0,0,0,0,0,0,0,0,0,4,0,0
FRA,social_liberalism,2022.4.24,60,1,4,3,18,28,12,0,32,0,0,0,0,0,0,0,0,0,4,6,0,0
LUX,social_liberalism,2023.10.8,60,1,2,0,8,72,11,0,4,0,0,0,0,0,0,0,0,0,4,1,0,0
BEL,liberal_conservatism,2024.6.9,60,1,3,2,22,16,30,10,16,0,0,0,0,0,0,0,0,0,2,4,0,0
HOL,liberal_conservatism,2023.11.22,48,1,3,2,18,22,28,10,16,0,0,0,0,0,0,0,0,0,2,4,0,0
CZE,liberal_conservatism,2021.10.8,48,1,3,1,18,12,32,0,26,0,0,0,0,0,0,0,0,0,4,8,0,0
POL,liberal_conservatism,2023.10.15,48,1,3,2,18,8,36,0,32,0,0,0,0,0,0,0,0,0,2,4,0,0
AUS,liberal_conservatism,2024.9.29,60,1,3,2,24,12,32,6,22,0,0,0,0,0,0,0,0,0,0,4,0,0
LIT,social_democracy,2024.10.13,48,1,2,0,68,8,13,0,7,0,0,0,0,0,0,0,0,0,3,1,0,0
EST,social_liberalism,2023.3.5,48,1,2,0,9,70,12,0,5,0,0,0,0,0,0,0,0,0,3,1,0,0
LAT,liberal_conservatism,2022.10.1,48,1,2,0,11,9,65,0,8,0,0,0,0,0,0,0,0,0,5,2,0,0
SPR,social_democracy,2023.7.23,48,1,3,2,34,10,28,6,16,0,0,0,0,0,0,0,0,0,2,4,0,0
ITA,national_populism,2022.9.25,60,1,4,2,22,12,18,8,32,0,0,0,0,0,0,0,0,0,2,6,0,0
ROM,liberal_conservatism,2024.12.8,60,1,3,1,13,10,50,0,17,0,0,0,0,0,0,0,0,0,6,4,0,0
YUG,military_junta,2024.1.1,48,0,1,0,4,0,6,0,0,0,85,0,0,0,0,0,0,0,0,5,0,0
SER,national_populism,2023.12.17,48,1,2,0,13,11,17,0,35,0,0,0,0,0,0,0,0,0,13,11,0,0
SWI,liberal_conservatism,2023.10.22,48,1,3,2,20,22,34,6,14,0,0,0,0,0,0,0,0,0,0,4,0,0
TUR,national_populism,2023.5.28,60,1,3,2,26,6,12,0,42,0,0,0,0,0,8,0,0,0,2,4,0,0
GRE,liberal_conservatism,2023.6.25,48,1,3,1,28,8,38,0,10,0,0,0,0,0,0,0,0,0,6,10,0,0
ALB,social_democracy,2025.5.11,48,1,2,0,55,10,17,0,11,0,0,0,0,0,0,0,0,0,4,3,0,0
NOR,social_democracy,2025.9.8,48,1,3,2,36,14,28,6,12,0,0,0,0,0,0,0,0,0,0,4,0,0
DEN,social_democracy,2022.11.1,48,1,3,2,34,16,28,6,14,0,0,0,0,0,0,0,0,0,0,2,0,0
BUL,liberal_conservatism,2024.10.27,48,1,2,0,13,10,48,0,18,0,0,0,0,0,0,0,0,0,6,5,0,0
POR,liberal_conservatism,2024.3.10,48,1,3,1,30,14,32,4,12,0,0,0,0,0,0,0,0,0,0,8,0,0
FIN,liberal_conservatism,2023.4.2,48,1,3,2,26,14,30,8,18,0,0,0,0,0,0,0,0,0,0,4,0,0
IRE,liberal_conservatism,2024.11.29,60,1,3,1,24,18,36,8,12,0,0,0,0,0,0,0,0,0,0,2,0,0
HUN,national_populism,2022.4.3,48,1,3,1,15,11,20,0,35,0,0,0,0,0,0,0,0,0,13,6,0,0
AFG,jihadist_fundamentalism,2024.1.1,48,0,1,0,0,0,5,0,0,8,0,0,0,0,12,0,72,0,0,3,0,0
ARG,liberal_conservatism,2023.11.19,48,1,3,1,22,4,42,10,16,0,0,0,0,0,0,0,0,0,0,6,0,0
AST,social_democracy,2025.5.3,36,1,3,2,36,10,34,4,14,0,0,0,0,0,0,0,0,0,0,2,0,0
BHU,liberal_conservatism,2024.1.1,48,1,1,0,18,12,35,0,27,0,0,0,0,0,0,0,0,0,0,8,0,0
BOL,left_wing_nationalism,2020.10.18,60,1,2,0,4,0,5,0,0,0,0,0,0,88,0,0,0,0,0,3,0,0
BRA,social_democracy,2022.10.30,48,1,3,1,36,4,28,8,18,0,0,0,0,0,0,0,0,0,0,6,0,0
CAN,social_liberalism,2025.4.28,48,1,3,2,8,34,38,4,14,0,0,0,0,0,0,0,0,0,0,2,0,0
CHI,state_socialism,2023.3.10,60,0,5,3,4,0,8,0,3,0,0,0,82,0,0,0,0,0,0,3,0,0
CHL,social_democracy,2021.11.21,48,1,3,1,55,9,16,0,10,0,0,0,0,0,0,0,0,0,4,6,0,0
COL,progressive_populism,2022.6.19,48,1,3,1,10,7,13,48,11,0,0,0,0,0,0,0,0,0,6,5,0,0
COS,social_liberalism,2024.1.1,48,1,2,0,9,70,13,0,5,0,0,0,0,0,0,0,0,0,0,3,0,0
ECU,liberal_conservatism,2025.4.13,48,1,2,0,14,11,45,0,17,0,0,0,0,0,0,0,0,0,6,7,0,0
ELS,national_populism,2024.1.1,48,1,2,0,15,13,21,0,35,0,0,0,0,0,0,0,0,0,9,7,0,0
ETH,sovereign_democracy,2024.1.1,48,0,2,0,12,0,28,0,10,18,4,0,0,22,0,0,0,0,0,6,0,0
GUA,liberal_conservatism,2024.1.1,48,1,2,0,14,11,45,0,18,0,0,0,0,0,0,0,0,0,6,6,0,0
HON,progressive_populism,2024.1.1,48,1,2,0,11,8,14,40,15,0,0,0,0,0,0,0,0,0,6,6,0,0
IRQ,islamic_democracy,2021.10.10,48,1,3,1,9,6,12,0,24,0,0,0,0,0,35,0,0,0,8,6,0,0
JAP,liberal_conservatism,2024.10.27,48,1,4,3,22,12,48,8,6,0,0,0,0,0,0,0,0,0,0,4,0,0
KOR,social_democracy,2025.6.3,60,1,4,2,40,8,32,4,14,0,0,0,0,0,0,0,0,0,0,2,0,0
LIB,liberal_conservatism,2024.1.1,48,1,1,0,15,12,45,0,16,0,0,0,0,0,0,0,0,0,5,7,0,0
MEX,progressive_populism,2024.6.2,72,1,3,1,10,6,24,42,16,0,0,0,0,0,0,0,0,0,0,2,0,0
MEN,sovereign_democracy,2024.1.1,48,0,1,0,4,0,6,0,0,88,0,0,0,0,0,0,0,0,0,2,0,0
NEP,social_democracy,2022.11.20,60,1,2,0,40,11,18,0,12,0,0,0,0,0,0,0,0,0,0,19,0,0
NIC,left_wing_nationalism,2021.11.7,60,0,2,0,3,0,4,0,0,0,0,0,0,90,0,0,0,0,0,3,0,0
NZL,liberal_conservatism,2023.10.14,36,1,3,1,12,10,70,0,6,0,0,0,0,0,0,0,0,0,0,2,0,0
PAN,liberal_conservatism,2024.1.1,48,1,2,0,13,11,55,0,12,0,0,0,0,0,0,0,0,0,5,4,0,0
PER,theocratic_absolutism,2024.7.5,48,1,3,1,0,0,10,0,6,2,0,0,0,8,18,52,0,0,0,4,0,0
PHI,liberal_conservatism,2022.5.9,72,1,3,1,16,12,48,0,16,0,0,0,0,0,0,0,0,0,4,4,0,0
PRU,liberal_conservatism,2021.6.6,60,1,3,0,14,11,40,0,20,0,0,0,0,0,0,0,0,0,5,10,0,0
SAF,social_democracy,2024.5.29,60,1,3,1,48,9,16,0,12,0,0,0,0,0,0,0,0,0,5,10,0,0
SAU,absolute_monarchy,2024.1.1,48,0,3,2,0,0,2,0,4,0,0,88,0,0,6,0,0,0,0,0,0,0
SIA,progressive_populism,2023.5.14,48,1,3,1,10,8,13,35,23,0,0,0,0,0,0,0,0,0,8,3,0,0
SIK,sovereign_democracy,2024.1.1,48,0,1,0,4,0,6,0,0,88,0,0,0,0,0,0,0,0,0,2,0,0
TIB,sovereign_democracy,2024.1.1,48,0,1,0,4,0,6,0,0,88,0,0,0,0,0,0,0,0,0,2,0,0
URG,social_democracy,2024.10.27,60,1,2,0,70,7,13,0,5,0,0,0,0,0,0,0,0,0,3,2,0,0
VEN,left_wing_nationalism,2024.7.28,72,0,2,0,10,0,22,0,8,0,4,0,0,48,0,0,0,0,0,8,0,0
YUN,sovereign_democracy,2024.1.1,48,0,1,0,4,0,6,0,0,88,0,0,0,0,0,0,0,0,0,2,0,0
USA,national_populism,2024.11.5,48,1,5,3,2,28,8,14,47,0,0,0,0,0,0,0,0,0,0,1,0,0
MON,liberal_conservatism,2024.6.28,48,1,2,0,15,13,50,0,11,0,0,0,0,0,0,0,0,0,0,11,0,0
TAN,sovereign_democracy,2024.1.1,48,0,1,0,4,0,6,0,0,88,0,0,0,0,0,0,0,0,0,2,0,0
PAR,liberal_conservatism,2023.4.30,60,1,2,0,13,10,50,0,17,0,0,0,0,0,0,0,0,0,6,4,0,0
CUB,state_socialism,2023.3.26,60,0,2,0,5,0,5,0,0,0,0,0,80,0,0,0,0,0,0,10,0,0
DOM,liberal_conservatism,2024.1.1,48,1,2,0,13,11,55,0,12,0,0,0,0,0,0,0,0,0,5,4,0,0
HAI,military_junta,2024.1.1,48,0,2,0,4,0,6,0,0,0,88,0,0,0,0,0,0,0,0,2,0,0
YEM,sovereign_democracy,2024.1.1,48,0,1,0,4,0,6,0,0,88,0,0,0,0,0,0,0,0,0,2,0,0
OMA,absolute_monarchy,2024.1.1,48,0,2,1,0,0,6,0,0,2,0,82,0,0,10,0,0,0,0,0,0,0
SLO,national_populism,2023.9.30,48,1,2,0,15,12,20,0,40,0,0,0,0,0,0,0,0,0,7,6,0,0
RAJ,national_populism,2024.6.4,60,1,4,2,22,8,14,0,42,0,0,0,0,6,3,0,0,0,0,5,0,0
CRO,liberal_conservatism,2024.4.17,48,1,2,0,12,10,58,0,12,0,0,0,0,0,0,0,0,0,5,3,0,0
GXC,sovereign_democracy,2024.1.1,48,0,1,0,4,0,6,0,0,88,0,0,0,0,0,0,0,0,0,2,0,0
PRC,sovereign_democracy,2024.1.1,48,0,1,0,4,0,6,0,0,88,0,0,0,0,0,0,0,0,0,2,0,0
SHX,sovereign_democracy,2024.1.1,48,0,1,0,4,0,6,0,0,88,0,0,0,0,0,0,0,0,0,2,0,0
XSM,sovereign_democracy,2024.1.1,48,0,1,0,4,0,6,0,0,88,0,0,0,0,0,0,0,0,0,2,0,0
ICE,social_democracy,2024.11.30,48,1,2,0,75,7,12,0,4,0,0,0,0,0,0,0,0,0,0,2,0,0
LEB,sovereign_democracy,2022.5.15,48,1,2,0,5,0,7,0,0,86,0,0,0,0,0,0,0,0,0,2,0,0
JOR,absolute_monarchy,2024.9.10,48,0,2,0,3,0,10,0,5,0,0,70,0,0,12,0,0,0,0,0,0,0
SYR,jihadist_fundamentalism,2024.1.1,48,0,2,0,0,0,8,0,0,12,16,0,0,6,18,0,40,0,0,0,0,0
EGY,military_junta,2023.12.10,72,0,3,1,4,0,8,0,6,0,62,0,0,4,14,0,0,0,0,2,0,0
LBA,sovereign_democracy,2024.1.1,48,0,1,0,4,0,6,0,0,88,0,0,0,0,0,0,0,0,0,2,0,0
WGR,sovereign_democracy,2024.1.1,48,0,1,0,4,0,6,0,0,88,0,0,0,0,0,0,0,0,0,2,0,0
DDR,sovereign_democracy,2024.1.1,48,0,1,0,4,0,6,0,0,88,0,0,0,0,0,0,0,0,0,2,0,0
PAL,sovereign_democracy,2024.1.1,48,0,1,0,4,0,6,0,0,87,0,0,0,0,0,0,0,0,0,3,0,0
ISR,national_populism,2022.11.1,48,1,4,2,12,16,22,6,38,0,0,0,0,0,0,0,0,0,4,2,0,0
VIN,state_socialism,2021.5.23,60,0,3,1,6,0,8,0,3,0,0,0,78,0,0,0,0,0,0,5,0,0
CAM,sovereign_democracy,2023.7.23,60,0,2,0,4,0,6,0,0,85,0,0,0,0,0,0,0,0,0,5,0,0
MAL,islamic_democracy,2022.11.19,60,1,3,1,11,9,14,0,9,0,0,0,0,0,50,0,0,0,4,3,0,0
INS,liberal_conservatism,2024.2.14,60,1,3,1,12,10,38,2,18,0,0,0,0,0,16,0,0,0,0,4,0,0
LAO,state_socialism,2021.2.21,60,0,1,0,3,0,4,0,0,0,0,0,83,0,0,0,0,0,0,10,0,0
MNT,liberal_conservatism,2023.6.11,48,1,1,0,14,10,52,0,15,0,0,0,0,0,0,0,0,0,5,4,0,0
UKR,social_liberalism,2019.4.21,60,1,3,1,16,28,18,0,24,8,0,0,0,0,0,0,0,0,2,4,0,0
GEO,sovereign_democracy,2024.10.26,48,1,2,0,5,0,7,0,0,86,0,0,0,0,0,0,0,0,0,2,0,0
KAZ,sovereign_democracy,2022.11.20,84,0,3,1,8,0,10,0,6,72,0,0,0,0,0,0,0,0,0,4,0,0
AZR,sovereign_democracy,2024.1.1,48,0,2,0,4,0,6,0,0,88,0,0,0,0,0,0,0,0,0,2,0,0
ARM,social_liberalism,2021.6.20,60,1,2,0,15,45,21,0,12,0,0,0,0,0,0,0,0,0,0,7,0,0
BLR,sovereign_democracy,2025.1.26,60,0,2,1,6,0,8,0,4,70,0,0,0,0,0,0,0,0,0,12,0,0
ANG,sovereign_democracy,2024.1.1,48,0,2,0,4,0,6,0,0,87,0,0,0,0,0,0,0,0,0,3,0,0
MZB,social_democracy,2024.1.1,48,1,2,0,40,10,17,0,16,0,0,0,0,0,0,0,0,0,4,13,0,0
ZIM,sovereign_democracy,2024.1.1,48,0,2,0,4,0,6,0,0,85,0,0,0,0,0,0,0,0,0,5,0,0
COG,social_liberalism,2024.1.1,48,1,2,0,10,35,14,0,24,0,0,0,0,0,0,0,0,0,7,10,0,0
KEN,liberal_conservatism,2022.8.9,60,1,2,0,15,12,50,0,15,0,0,0,0,0,0,0,0,0,3,5,0,0
PAK,islamic_democracy,2024.2.8,60,1,3,1,8,0,16,0,12,0,22,0,0,5,34,0,3,0,0,0,0,0
BOT,liberal_conservatism,2024.1.1,48,1,1,0,14,11,60,0,8,0,0,0,0,0,0,0,0,0,0,7,0,0
MAN,sovereign_democracy,2024.1.1,48,0,1,0,4,0,6,0,0,88,0,0,0,0,0,0,0,0,0,2,0,0
BAH,social_liberalism,2024.1.1,48,1,1,0,13,60,17,0,7,0,0,0,0,0,0,0,0,0,0,3,0,0
BAN,liberal_conservatism,2024.1.7,60,1,3,1,19,15,40,0,17,0,0,0,0,0,0,0,0,0,0,9,0,0
BLZ,social_liberalism,2024.1.1,48,1,1,0,12,55,17,0,9,0,0,0,0,0,0,0,0,0,4,3,0,0
BRM,military_junta,2024.1.1,48,0,2,0,4,0,6,0,0,0,87,0,0,0,0,0,0,0,0,3,0,0
CRC,social_liberalism,2024.1.1,48,0,1,0,12,55,17,0,9,0,0,0,0,0,0,0,0,0,4,3,0,0
GDL,sovereign_democracy,2024.1.1,48,0,1,0,4,0,6,0,0,88,0,0,0,0,0,0,0,0,0,2,0,0
GYA,social_democracy,2024.1.1,48,1,2,0,50,11,17,0,13,0,0,0,0,0,0,0,0,0,4,5,0,0
JAM,liberal_conservatism,2024.1.1,48,1,2,0,13,11,55,0,12,0,0,0,0,0,0,0,0,0,4,5,0,0
JAN,sovereign_democracy,2024.1.1,48,0,1,0,4,0,6,0,0,88,0,0,0,0,0,0,0,0,0,2,0,0
KYR,sovereign_democracy,2024.1.1,48,0,2,0,4,0,6,0,0,88,0,0,0,0,0,0,0,0,0,2,0,0
MAD,liberal_conservatism,2024.1.1,48,1,1,0,14,11,40,0,20,0,0,0,0,0,0,0,0,0,7,8,0,0
MOL,social_liberalism,2024.10.20,48,1,2,0,14,48,18,0,10,0,0,0,0,0,0,0,0,0,0,10,0,0
PNG,liberal_conservatism,2024.1.1,48,1,2,0,15,13,45,0,17,0,0,0,0,0,0,0,0,0,5,5,0,0
PUE,sovereign_democracy,2024.1.1,48,0,1,0,4,0,6,0,0,88,0,0,0,0,0,0,0,0,0,2,0,0
QAT,absolute_monarchy,2024.1.1,48,0,3,1,0,0,10,0,0,0,0,84,0,0,4,0,0,0,0,0,2,0
SCO,sovereign_democracy,2024.1.1,48,0,1,0,4,0,6,0,0,88,0,0,0,0,0,0,0,0,0,2,0,0
SRL,social_democracy,2024.9.21,60,1,2,0,50,11,18,0,11,0,0,0,0,0,0,0,0,0,4,6,0,0
SUR,liberal_conservatism,2024.1.1,48,1,1,0,14,11,50,0,14,0,0,0,0,0,0,0,0,0,4,7,0,0
TAJ,sovereign_democracy,2024.1.1,48,0,1,0,4,0,6,0,0,88,0,0,0,0,0,0,0,0,0,2,0,0
TRI,liberal_conservatism,2024.1.1,48,1,2,0,14,11,50,0,14,0,0,0,0,0,0,0,0,0,4,7,0,0
TMS,sovereign_democracy,2024.1.1,48,0,2,0,4,0,6,0,0,88,0,0,0,0,0,0,0,0,0,2,0,0
UAE,absolute_monarchy,2024.1.1,48,0,3,2,0,0,8,0,0,0,0,86,0,0,2,0,0,0,0,0,4,0
UZB,sovereign_democracy,2023.7.9,84,0,2,0,4,0,6,0,0,88,0,0,0,0,0,0,0,0,0,2,0,0
KUW,absolute_monarchy,2024.4.4,48,0,2,1,0,0,10,0,4,0,0,80,0,0,6,0,0,0,0,0,0,0
CYP,liberal_conservatism,2023.2.12,60,1,2,0,12,10,60,0,10,0,0,0,0,0,0,0,0,0,3,5,0,0
MLT,social_democracy,2022.3.26,60,1,2,0,65,9,14,0,7,0,0,0,0,0,0,0,0,0,3,2,0,0
ALG,sovereign_democracy,2024.9.7,60,1,3,1,4,0,6,0,0,87,0,0,0,0,0,0,0,0,0,3,0,0
MOR,absolute_monarchy,2021.9.8,60,0,2,1,6,0,14,0,4,0,0,62,0,2,12,0,0,0,0,0,0,0
TUN,sovereign_democracy,2024.10.6,60,1,2,0,4,0,6,0,0,88,0,0,0,0,0,0,0,0,0,2,0,0
SUD,military_junta,2024.1.1,48,0,2,0,4,0,6,0,0,0,88,0,0,0,0,0,0,0,0,2,0,0
ERI,sovereign_democracy,2024.1.1,48,0,1,0,4,0,6,0,0,87,0,0,0,0,0,0,0,0,0,3,0,0
DJI,military_junta,2024.1.1,48,0,1,0,4,0,6,0,0,0,88,0,0,0,0,0,0,0,0,2,0,0
SOM,military_junta,2024.1.1,48,0,1,0,4,0,6,0,0,0,88,0,0,0,0,0,0,0,0,2,0,0
UGA,sovereign_democracy,2024.1.1,48,0,2,0,4,0,6,0,0,88,0,0,0,0,0,0,0,0,0,2,0,0
RWA,sovereign_democracy,2024.1.1,48,0,1,0,4,0,6,0,0,88,0,0,0,0,0,0,0,0,0,2,0,0
BRD,military_junta,2024.1.1,48,0,1,0,4,0,6,0,0,0,87,0,0,0,0,0,0,0,0,3,0,0
TZN,social_democracy,2024.1.1,48,1,2,0,40,12,21,0,14,0,0,0,0,0,0,0,0,0,0,13,0,0
ZAM,social_liberalism,2024.1.1,48,1,2,0,12,50,16,0,12,0,0,0,0,0,0,0,0,0,4,6,0,0
MLW,liberal_conservatism,2024.1.1,48,1,1,0,14,11,50,0,14,0,0,0,0,0,0,0,0,0,4,7,0,0
GAB,military_junta,2024.1.1,48,0,2,0,4,0,6,0,0,0,88,0,0,0,0,0,0,0,0,2,0,0
RCG,sovereign_democracy,2024.1.1,48,0,1,0,4,0,6,0,0,87,0,0,0,0,0,0,0,0,0,3,0,0
EQG,sovereign_democracy,2024.1.1,48,0,1,0,4,0,6,0,0,88,0,0,0,0,0,0,0,0,0,2,0,0
CMR,sovereign_democracy,2024.1.1,48,0,2,0,4,0,6,0,0,88,0,0,0,0,0,0,0,0,0,2,0,0
CAR,military_junta,2024.1.1,48,0,1,0,4,0,6,0,0,0,87,0,0,0,0,0,0,0,0,3,0,0
CHA,military_junta,2024.1.1,48,0,2,0,4,0,6,0,0,0,88,0,0,0,0,0,0,0,0,2,0,0
NGA,liberal_conservatism,2023.2.25,48,1,3,1,18,0,34,12,16,0,6,0,0,0,10,0,0,0,0,4,0,0
DAH,social_liberalism,2024.1.1,48,1,2,0,12,50,17,0,12,0,0,0,0,0,0,0,0,0,4,5,0,0
TOG,sovereign_democracy,2024.1.1,48,0,1,0,4,0,6,0,0,88,0,0,0,0,0,0,0,0,0,2,0,0
GHA,social_democracy,2024.12.7,48,1,2,0,55,11,18,0,10,0,0,0,0,0,0,0,0,0,2,4,0,0
IVO,liberal_conservatism,2024.1.1,48,1,2,0,15,12,45,0,16,0,0,0,0,0,0,0,0,0,5,7,0,0
VOL,military_junta,2024.1.1,48,0,2,0,4,0,6,0,0,0,88,0,0,0,0,0,0,0,0,2,0,0
MLI,military_junta,2024.1.1,48,0,2,0,4,0,6,0,0,0,88,0,0,0,0,0,0,0,0,2,0,0
SIE,liberal_conservatism,2024.1.1,48,1,1,0,15,12,45,0,16,0,0,0,0,0,0,0,0,0,4,8,0,0
GNA,military_junta,2024.1.1,48,0,2,0,4,0,6,0,0,0,88,0,0,0,0,0,0,0,0,2,0,0
GNB,military_junta,2024.1.1,48,0,1,0,4,0,6,0,0,0,88,0,0,0,0,0,0,0,0,2,0,0
SEN,progressive_populism,2024.3.24,60,1,2,0,10,8,14,55,7,0,0,0,0,0,0,0,0,0,0,6,0,0
GAM,liberal_conservatism,2024.1.1,48,1,1,0,14,12,50,0,14,0,0,0,0,0,0,0,0,0,4,6,0,0
WLS,sovereign_democracy,2024.1.1,48,0,1,0,4,0,6,0,0,88,0,0,0,0,0,0,0,0,0,2,0,0
NGR,military_junta,2024.1.1,48,0,2,0,4,0,6,0,0,0,88,0,0,0,0,0,0,0,0,2,0,0
CSA,sovereign_democracy,2024.1.1,48,0,1,0,4,0,6,0,0,88,0,0,0,0,0,0,0,0,0,2,0,0
USB,sovereign_democracy,2024.1.1,48,0,1,0,4,0,6,0,0,88,0,0,0,0,0,0,0,0,0,2,0,0
MRT,military_junta,2024.1.1,48,0,1,0,4,0,6,0,0,0,88,0,0,0,0,0,0,0,0,2,0,0
NMB,social_democracy,2024.1.1,48,1,1,0,50,11,19,0,10,0,0,0,0,0,0,0,0,0,0,10,0,0
WES,left_wing_nationalism,2024.1.1,48,0,1,0,3,0,4,0,0,0,0,0,0,90,0,0,0,0,0,3,0,0
BAS,social_liberalism,2024.1.1,48,0,1,0,12,55,17,0,9,0,0,0,0,0,0,0,0,0,4,3,0,0
CAY,sovereign_democracy,2024.1.1,48,0,1,0,4,0,6,0,0,88,0,0,0,0,0,0,0,0,0,2,0,0
MLD,liberal_conservatism,2024.1.1,48,1,1,0,15,13,50,0,13,0,0,0,0,0,0,0,0,0,4,5,0,0
FIJ,liberal_conservatism,2024.1.1,48,1,1,0,15,12,50,0,15,0,0,0,0,0,0,0,0,0,3,5,0,0
FSM,sovereign_democracy,2024.1.1,48,0,1,0,4,0,6,0,0,88,0,0,0,0,0,0,0,0,0,2,0,0
TAH,sovereign_democracy,2024.1.1,48,0,1,0,4,0,6,0,0,88,0,0,0,0,0,0,0,0,0,2,0,0
GUM,sovereign_democracy,2024.1.1,48,0,1,0,4,0,6,0,0,88,0,0,0,0,0,0,0,0,0,2,0,0
SOL,sovereign_democracy,2024.1.1,48,0,1,0,4,0,6,0,0,88,0,0,0,0,0,0,0,0,0,2,0,0
SAM,sovereign_democracy,2024.1.1,48,0,1,0,4,0,6,0,0,88,0,0,0,0,0,0,0,0,0,2,0,0
HAW,sovereign_democracy,2024.1.1,48,0,1,0,4,0,6,0,0,88,0,0,0,0,0,0,0,0,0,2,0,0
SLV,social_liberalism,2022.4.24,48,1,2,0,10,65,13,0,7,0,0,0,0,0,0,0,0,0,3,2,0,0
BOS,liberal_conservatism,2022.10.2,48,1,2,0,15,12,40,0,21,0,0,0,0,0,0,0,0,0,5,7,0,0
HRZ,sovereign_democracy,2024.1.1,48,0,1,0,4,0,6,0,0,88,0,0,0,0,0,0,0,0,0,2,0,0
MAC,liberal_conservatism,2024.5.8,48,1,1,0,13,11,50,0,16,0,0,0,0,0,0,0,0,0,6,4,0,0
NIR,sovereign_democracy,2024.1.1,48,0,1,0,4,0,6,0,0,88,0,0,0,0,0,0,0,0,0,2,0,0
BAY,sovereign_democracy,2024.1.1,48,0,1,0,4,0,6,0,0,88,0,0,0,0,0,0,0,0,0,2,0,0
MEK,sovereign_democracy,2024.1.1,48,0,1,0,4,0,6,0,0,88,0,0,0,0,0,0,0,0,0,2,0,0
PRE,sovereign_democracy,2024.1.1,48,0,1,0,4,0,6,0,0,88,0,0,0,0,0,0,0,0,0,2,0,0
SAX,sovereign_democracy,2024.1.1,48,0,1,0,4,0,6,0,0,88,0,0,0,0,0,0,0,0,0,2,0,0
HAN,sovereign_democracy,2024.1.1,48,0,1,0,4,0,6,0,0,88,0,0,0,0,0,0,0,0,0,2,0,0
WUR,sovereign_democracy,2024.1.1,48,0,1,0,4,0,6,0,0,88,0,0,0,0,0,0,0,0,0,2,0,0
SHL,sovereign_democracy,2024.1.1,48,0,1,0,4,0,6,0,0,88,0,0,0,0,0,0,0,0,0,2,0,0
CAT,sovereign_democracy,2024.1.1,48,0,1,0,4,0,6,0,0,88,0,0,0,0,0,0,0,0,0,2,0,0
NAV,sovereign_democracy,2024.1.1,48,0,1,0,4,0,6,0,0,88,0,0,0,0,0,0,0,0,0,2,0,0
GLC,sovereign_democracy,2024.1.1,48,0,1,0,4,0,6,0,0,88,0,0,0,0,0,0,0,0,0,2,0,0
ADU,sovereign_democracy,2024.1.1,48,0,1,0,4,0,6,0,0,88,0,0,0,0,0,0,0,0,0,2,0,0
BRI,sovereign_democracy,2024.1.1,48,0,1,0,4,0,6,0,0,88,0,0,0,0,0,0,0,0,0,2,0,0
OCC,sovereign_democracy,2024.1.1,48,0,1,0,4,0,6,0,0,88,0,0,0,0,0,0,0,0,0,2,0,0
COR,sovereign_democracy,2024.1.1,48,0,1,0,4,0,6,0,0,88,0,0,0,0,0,0,0,0,0,2,0,0
KUR,liberal_conservatism,2024.1.1,48,0,1,0,13,11,55,0,12,0,0,0,0,0,0,0,0,0,5,4,0,0
TRA,sovereign_democracy,2024.1.1,48,0,1,0,4,0,6,0,0,88,0,0,0,0,0,0,0,0,0,2,0,0
DNZ,sovereign_democracy,2024.1.1,48,0,1,0,4,0,6,0,0,88,0,0,0,0,0,0,0,0,0,2,0,0
SIL,sovereign_democracy,2024.1.1,48,0,1,0,4,0,6,0,0,88,0,0,0,0,0,0,0,0,0,2,0,0
KSH,sovereign_democracy,2024.1.1,48,0,1,0,4,0,6,0,0,88,0,0,0,0,0,0,0,0,0,2,0,0
DON,sovereign_democracy,2024.1.1,48,0,1,0,4,0,6,0,0,88,0,0,0,0,0,0,0,0,0,2,0,0
KUB,sovereign_democracy,2024.1.1,48,0,1,0,4,0,6,0,0,88,0,0,0,0,0,0,0,0,0,2,0,0
BUK,sovereign_democracy,2024.1.1,48,0,1,0,4,0,6,0,0,88,0,0,0,0,0,0,0,0,0,2,0,0
ALT,sovereign_democracy,2024.1.1,48,0,1,0,4,0,6,0,0,88,0,0,0,0,0,0,0,0,0,2,0,0
KAL,sovereign_democracy,2024.1.1,48,0,1,0,4,0,6,0,0,88,0,0,0,0,0,0,0,0,0,2,0,0
KAR,sovereign_democracy,2024.1.1,48,0,1,0,4,0,6,0,0,88,0,0,0,0,0,0,0,0,0,2,0,0
CRI,sovereign_democracy,2024.1.1,48,0,1,0,4,0,6,0,0,88,0,0,0,0,0,0,0,0,0,2,0,0
TAT,sovereign_democracy,2024.1.1,48,0,1,0,4,0,6,0,0,88,0,0,0,0,0,0,0,0,0,2,0,0
CIN,sovereign_democracy,2024.1.1,48,0,1,0,4,0,6,0,0,88,0,0,0,0,0,0,0,0,0,2,0,0
DAG,sovereign_democracy,2024.1.1,48,0,1,0,4,0,6,0,0,88,0,0,0,0,0,0,0,0,0,2,0,0
BYA,sovereign_democracy,2024.1.1,48,0,1,0,4,0,6,0,0,88,0,0,0,0,0,0,0,0,0,2,0,0
CKK,sovereign_democracy,2024.1.1,48,0,1,0,4,0,6,0,0,88,0,0,0,0,0,0,0,0,0,2,0,0
FER,sovereign_democracy,2024.1.1,48,0,1,0,4,0,6,0,0,88,0,0,0,0,0,0,0,0,0,2,0,0
YAK,sovereign_democracy,2024.1.1,48,0,1,0,4,0,6,0,0,88,0,0,0,0,0,0,0,0,0,2,0,0
VLA,sovereign_democracy,2024.1.1,48,0,1,0,4,0,6,0,0,88,0,0,0,0,0,0,0,0,0,2,0,0
KKP,sovereign_democracy,2024.1.1,48,0,1,0,4,0,6,0,0,88,0,0,0,0,0,0,0,0,0,2,0,0
YAM,sovereign_democracy,2024.1.1,48,0,1,0,4,0,6,0,0,88,0,0,0,0,0,0,0,0,0,2,0,0
TAY,sovereign_democracy,2024.1.1,48,0,1,0,4,0,6,0,0,88,0,0,0,0,0,0,0,0,0,2,0,0
OVO,sovereign_democracy,2024.1.1,48,0,1,0,4,0,6,0,0,88,0,0,0,0,0,0,0,0,0,2,0,0
NEN,sovereign_democracy,2024.1.1,48,0,1,0,4,0,6,0,0,88,0,0,0,0,0,0,0,0,0,2,0,0
KOM,sovereign_democracy,2024.1.1,48,0,1,0,4,0,6,0,0,88,0,0,0,0,0,0,0,0,0,2,0,0
ABK,sovereign_democracy,2024.1.1,48,0,1,0,4,0,6,0,0,88,0,0,0,0,0,0,0,0,0,2,0,0
KBK,sovereign_democracy,2024.1.1,48,0,1,0,4,0,6,0,0,88,0,0,0,0,0,0,0,0,0,2,0,0
NOA,sovereign_democracy,2024.1.1,48,0,1,0,4,0,6,0,0,88,0,0,0,0,0,0,0,0,0,2,0,0
VGE,sovereign_democracy,2024.1.1,48,0,1,0,4,0,6,0,0,88,0,0,0,0,0,0,0,0,0,2,0,0
BSK,sovereign_democracy,2024.1.1,48,0,1,0,4,0,6,0,0,88,0,0,0,0,0,0,0,0,0,2,0,0
KHI,sovereign_democracy,2024.1.1,48,0,1,0,4,0,6,0,0,88,0,0,0,0,0,0,0,0,0,2,0,0
UDM,sovereign_democracy,2024.1.1,48,0,1,0,4,0,6,0,0,88,0,0,0,0,0,0,0,0,0,2,0,0
CHU,sovereign_democracy,2024.1.1,48,0,1,0,4,0,6,0,0,88,0,0,0,0,0,0,0,0,0,2,0,0
MEL,sovereign_democracy,2024.1.1,48,0,1,0,4,0,6,0,0,88,0,0,0,0,0,0,0,0,0,2,0,0
RIF,sovereign_democracy,2024.1.1,48,0,1,0,4,0,6,0,0,88,0,0,0,0,0,0,0,0,0,2,0,0
HAR,sovereign_democracy,2024.1.1,48,0,1,0,4,0,6,0,0,88,0,0,0,0,0,0,0,0,0,2,0,0
TIG,sovereign_democracy,2024.1.1,48,0,1,0,4,0,6,0,0,88,0,0,0,0,0,0,0,0,0,2,0,0
AFA,sovereign_democracy,2024.1.1,48,0,1,0,4,0,6,0,0,88,0,0,0,0,0,0,0,0,0,2,0,0
BEG,sovereign_democracy,2024.1.1,48,0,1,0,4,0,6,0,0,88,0,0,0,0,0,0,0,0,0,2,0,0
GBA,sovereign_democracy,2024.1.1,48,0,1,0,4,0,6,0,0,88,0,0,0,0,0,0,0,0,0,2,0,0
SID,sovereign_democracy,2024.1.1,48,0,1,0,4,0,6,0,0,88,0,0,0,0,0,0,0,0,0,2,0,0
ORO,sovereign_democracy,2024.1.1,48,0,1,0,4,0,6,0,0,88,0,0,0,0,0,0,0,0,0,2,0,0
QEM,sovereign_democracy,2024.1.1,48,0,1,0,4,0,6,0,0,88,0,0,0,0,0,0,0,0,0,2,0,0
KHA,sovereign_democracy,2024.1.1,48,0,1,0,4,0,6,0,0,88,0,0,0,0,0,0,0,0,0,2,0,0
AOI,sovereign_democracy,2024.1.1,48,0,1,0,4,0,6,0,0,88,0,0,0,0,0,0,0,0,0,2,0,0
LBV,sovereign_democracy,2024.1.1,48,0,1,0,4,0,6,0,0,88,0,0,0,0,0,0,0,0,0,2,0,0
PAP,sovereign_democracy,2024.1.1,48,0,1,0,4,0,6,0,0,88,0,0,0,0,0,0,0,0,0,2,0,0
TOS,sovereign_democracy,2024.1.1,48,0,1,0,4,0,6,0,0,88,0,0,0,0,0,0,0,0,0,2,0,0
SPM,sovereign_democracy,2024.1.1,48,0,1,0,4,0,6,0,0,88,0,0,0,0,0,0,0,0,0,2,0,0
TTS,sovereign_democracy,2024.1.1,48,0,1,0,4,0,6,0,0,88,0,0,0,0,0,0,0,0,0,2,0,0
SMI,sovereign_democracy,2024.1.1,48,0,1,0,4,0,6,0,0,88,0,0,0,0,0,0,0,0,0,2,0,0
GRN,social_democracy,2024.1.1,48,1,1,0,70,8,14,0,5,0,0,0,0,0,0,0,0,0,0,3,0,0
RAP,sovereign_democracy,2024.1.1,48,0,1,0,4,0,6,0,0,88,0,0,0,0,0,0,0,0,0,2,0,0
YUC,sovereign_democracy,2024.1.1,48,0,1,0,4,0,6,0,0,88,0,0,0,0,0,0,0,0,0,2,0,0
RIG,sovereign_democracy,2024.1.1,48,0,1,0,4,0,6,0,0,88,0,0,0,0,0,0,0,0,0,2,0,0
QUE,sovereign_democracy,2024.1.1,48,0,1,0,4,0,6,0,0,88,0,0,0,0,0,0,0,0,0,2,0,0
KAT,sovereign_democracy,2024.1.1,48,0,1,0,4,0,6,0,0,88,0,0,0,0,0,0,0,0,0,2,0,0
BIA,sovereign_democracy,2024.1.1,48,0,1,0,4,0,6,0,0,88,0,0,0,0,0,0,0,0,0,2,0,0
WLA,sovereign_democracy,2024.1.1,48,0,1,0,4,0,6,0,0,88,0,0,0,0,0,0,0,0,0,2,0,0
CBV,social_liberalism,2024.1.1,48,1,1,0,9,70,13,0,5,0,0,0,0,0,0,0,0,0,0,3,0,0
BAR,sovereign_democracy,2024.1.1,48,0,1,0,4,0,6,0,0,88,0,0,0,0,0,0,0,0,0,2,0,0
EVE,sovereign_democracy,2024.1.1,48,0,1,0,4,0,6,0,0,88,0,0,0,0,0,0,0,0,0,2,0,0
SOK,sovereign_democracy,2024.1.1,48,0,1,0,4,0,6,0,0,88,0,0,0,0,0,0,0,0,0,2,0,0
THU,sovereign_democracy,2024.1.1,48,0,1,0,4,0,6,0,0,88,0,0,0,0,0,0,0,0,0,2,0,0
HES,sovereign_democracy,2024.1.1,48,0,1,0,4,0,6,0,0,88,0,0,0,0,0,0,0,0,0,2,0,0
RHI,sovereign_democracy,2024.1.1,48,0,1,0,4,0,6,0,0,88,0,0,0,0,0,0,0,0,0,2,0,0
UBD,sovereign_democracy,2024.1.1,48,0,1,0,4,0,6,0,0,88,0,0,0,0,0,0,0,0,0,2,0,0
KOS,left_wing_nationalism,2025.2.9,48,1,1,0,6,0,9,0,0,0,0,0,0,82,0,0,0,0,0,3,0,0
RKB,sovereign_democracy,2024.1.1,48,0,1,0,4,0,6,0,0,88,0,0,0,0,0,0,0,0,0,2,0,0
RKN,sovereign_democracy,2024.1.1,48,0,1,0,4,0,6,0,0,88,0,0,0,0,0,0,0,0,0,2,0,0
RKG,sovereign_democracy,2024.1.1,48,0,1,0,4,0,6,0,0,88,0,0,0,0,0,0,0,0,0,2,0,0
RKU,sovereign_democracy,2024.1.1,48,0,1,0,4,0,6,0,0,88,0,0,0,0,0,0,0,0,0,2,0,0
RKO,sovereign_democracy,2024.1.1,48,0,1,0,4,0,6,0,0,88,0,0,0,0,0,0,0,0,0,2,0,0
RKK,sovereign_democracy,2024.1.1,48,0,1,0,4,0,6,0,0,88,0,0,0,0,0,0,0,0,0,2,0,0
RKT,sovereign_democracy,2024.1.1,48,0,1,0,4,0,6,0,0,88,0,0,0,0,0,0,0,0,0,2,0,0
RKM,sovereign_democracy,2024.1.1,48,0,1,0,4,0,6,0,0,88,0,0,0,0,0,0,0,0,0,2,0,0
RKL,sovereign_democracy,2024.1.1,48,0,1,0,4,0,6,0,0,88,0,0,0,0,0,0,0,0,0,2,0,0
GEN,sovereign_democracy,2024.1.1,48,0,1,0,4,0,6,0,0,88,0,0,0,0,0,0,0,0,0,2,0,0
RKH,sovereign_democracy,2024.1.1,48,0,1,0,4,0,6,0,0,88,0,0,0,0,0,0,0,0,0,2,0,0
RKI,sovereign_democracy,2024.1.1,48,0,1,0,4,0,6,0,0,88,0,0,0,0,0,0,0,0,0,2,0,0
RKC,sovereign_democracy,2024.1.1,48,0,1,0,4,0,6,0,0,88,0,0,0,0,0,0,0,0,0,2,0,0
RGB,sovereign_democracy,2024.1.1,48,0,1,0,4,0,6,0,0,88,0,0,0,0,0,0,0,0,0,2,0,0
RKA,sovereign_democracy,2024.1.1,48,0,1,0,4,0,6,0,0,88,0,0,0,0,0,0,0,0,0,2,0,0
RNA,sovereign_democracy,2024.1.1,48,0,1,0,4,0,6,0,0,88,0,0,0,0,0,0,0,0,0,2,0,0
RKV,sovereign_democracy,2024.1.1,48,0,1,0,4,0,6,0,0,88,0,0,0,0,0,0,0,0,0,2,0,0
RAN,sovereign_democracy,2024.1.1,48,0,1,0,4,0,6,0,0,88,0,0,0,0,0,0,0,0,0,2,0,0
RCO,sovereign_democracy,2024.1.1,48,0,1,0,4,0,6,0,0,88,0,0,0,0,0,0,0,0,0,2,0,0
RUS,sovereign_democracy,2024.1.1,48,0,1,0,4,0,6,0,0,88,0,0,0,0,0,0,0,0,0,2,0,0
RHD,sovereign_democracy,2024.1.1,48,0,1,0,4,0,6,0,0,88,0,0,0,0,0,0,0,0,0,2,0,0
RAR,sovereign_democracy,2024.1.1,48,0,1,0,4,0,6,0,0,88,0,0,0,0,0,0,0,0,0,2,0,0
ROA,sovereign_democracy,2024.1.1,48,0,1,0,4,0,6,0,0,88,0,0,0,0,0,0,0,0,0,2,0,0
RAA,sovereign_democracy,2024.1.1,48,0,1,0,4,0,6,0,0,88,0,0,0,0,0,0,0,0,0,2,0,0
GAR,sovereign_democracy,2024.1.1,48,0,1,0,4,0,6,0,0,88,0,0,0,0,0,0,0,0,0,2,0,0
INC,sovereign_democracy,2024.1.1,48,0,1,0,4,0,6,0,0,88,0,0,0,0,0,0,0,0,0,2,0,0
MIS,sovereign_democracy,2024.1.1,48,0,1,0,4,0,6,0,0,88,0,0,0,0,0,0,0,0,0,2,0,0
MAY,sovereign_democracy,2024.1.1,48,0,1,0,4,0,6,0,0,88,0,0,0,0,0,0,0,0,0,2,0,0
INU,sovereign_democracy,2024.1.1,48,0,1,0,4,0,6,0,0,88,0,0,0,0,0,0,0,0,0,2,0,0
CHR,sovereign_democracy,2024.1.1,48,0,1,0,4,0,6,0,0,88,0,0,0,0,0,0,0,0,0,2,0,0
ITZ,sovereign_democracy,2024.1.1,48,0,1,0,4,0,6,0,0,88,0,0,0,0,0,0,0,0,0,2,0,0
NAH,sovereign_democracy,2024.1.1,48,0,1,0,4,0,6,0,0,88,0,0,0,0,0,0,0,0,0,2,0,0
IAS,sovereign_democracy,2024.1.1,48,0,1,0,4,0,6,0,0,88,0,0,0,0,0,0,0,0,0,2,0,0
DIP,sovereign_democracy,2024.1.1,48,0,1,0,4,0,6,0,0,88,0,0,0,0,0,0,0,0,0,2,0,0
PSH,sovereign_democracy,2024.1.1,48,0,1,0,4,0,6,0,0,88,0,0,0,0,0,0,0,0,0,2,0,0
HYD,sovereign_democracy,2024.1.1,48,0,1,0,4,0,6,0,0,88,0,0,0,0,0,0,0,0,0,2,0,0
MYS,sovereign_democracy,2024.1.1,48,0,3,0,4,0,6,0,0,88,0,0,0,0,0,0,0,0,0,2,0,0
RJP,sovereign_democracy,2024.1.1,48,0,1,0,4,0,6,0,0,88,0,0,0,0,0,0,0,0,0,2,0,0
CIP,sovereign_democracy,2024.1.1,48,0,1,0,4,0,6,0,0,88,0,0,0,0,0,0,0,0,0,2,0,0
RAS,sovereign_democracy,2024.1.1,48,0,1,0,4,0,6,0,0,88,0,0,0,0,0,0,0,0,0,2,0,0
NWF,sovereign_democracy,2024.1.1,48,0,1,0,4,0,6,0,0,88,0,0,0,0,0,0,0,0,0,2,0,0
KAS,sovereign_democracy,2024.1.1,48,0,1,0,4,0,6,0,0,88,0,0,0,0,0,0,0,0,0,2,0,0
MPU,sovereign_democracy,2024.1.1,48,0,1,0,4,0,6,0,0,88,0,0,0,0,0,0,0,0,0,2,0,0
WIS,sovereign_democracy,2024.1.1,48,0,1,0,4,0,6,0,0,88,0,0,0,0,0,0,0,0,0,2,0,0
KOL,sovereign_democracy,2024.1.1,48,0,1,0,4,0,6,0,0,88,0,0,0,0,0,0,0,0,0,2,0,0
KHL,sovereign_democracy,2024.1.1,48,0,1,0,4,0,6,0,0,88,0,0,0,0,0,0,0,0,0,2,0,0
SIN,sovereign_democracy,2024.1.1,48,0,1,0,4,0,6,0,0,88,0,0,0,0,0,0,0,0,0,2,0,0
KLT,sovereign_democracy,2024.1.1,48,0,1,0,4,0,6,0,0,88,0,0,0,0,0,0,0,0,0,2,0,0
SKK,sovereign_democracy,2024.1.1,48,0,1,0,4,0,6,0,0,88,0,0,0,0,0,0,0,0,0,2,0,0
FSA,sovereign_democracy,2024.1.1,48,0,1,0,4,0,6,0,0,88,0,0,0,0,0,0,0,0,0,2,0,0
ASY,sovereign_democracy,2024.1.1,48,0,1,0,4,0,6,0,0,88,0,0,0,0,0,0,0,0,0,2,0,0
BHR,absolute_monarchy,2022.11.12,48,0,2,1,0,0,8,0,0,0,0,78,0,4,10,0,0,0,0,0,0,0
IMO,sovereign_democracy,2024.1.1,48,0,1,0,4,0,6,0,0,88,0,0,0,0,0,0,0,0,0,2,0,0
BLC,sovereign_democracy,2024.1.1,48,0,1,0,4,0,6,0,0,88,0,0,0,0,0,0,0,0,0,2,0,0
EZO,sovereign_democracy,2024.1.1,48,0,1,0,4,0,6,0,0,88,0,0,0,0,0,0,0,0,0,2,0,0
OKN,sovereign_democracy,2024.1.1,48,0,1,0,4,0,6,0,0,88,0,0,0,0,0,0,0,0,0,2,0,0
ANU,sovereign_democracy,2024.1.1,48,0,1,0,4,0,6,0,0,88,0,0,0,0,0,0,0,0,0,2,0,0
PLU,sovereign_democracy,2024.1.1,48,0,1,0,4,0,6,0,0,88,0,0,0,0,0,0,0,0,0,2,0,0
FOR,social_liberalism,2024.1.13,48,1,4,2,16,36,32,6,8,0,0,0,0,0,0,0,0,0,0,2,0,0
TML,social_democracy,2024.1.1,48,1,1,0,50,11,17,0,13,0,0,0,0,0,0,0,0,0,4,5,0,0
CHM,sovereign_democracy,2024.1.1,48,0,1,0,4,0,6,0,0,88,0,0,0,0,0,0,0,0,0,2,0,0
SNG,technocracy,2025.5.3,60,1,3,2,12,10,22,0,6,0,0,0,0,0,0,0,0,0,0,2,48,0
SAR,sovereign_democracy,2024.1.1,48,0,1,0,4,0,6,0,0,88,0,0,0,0,0,0,0,0,0,2,0,0
SAB,sovereign_democracy,2024.1.1,48,0,1,0,4,0,6,0,0,88,0,0,0,0,0,0,0,0,0,2,0,0
BRN,absolute_monarchy,2024.1.1,48,0,1,0,0,0,8,0,0,0,0,80,0,0,12,0,0,0,0,0,0,0
WPG,sovereign_democracy,2024.1.1,48,0,1,0,4,0,6,0,0,88,0,0,0,0,0,0,0,0,0,2,0,0
KUM,sovereign_democracy,2024.1.1,48,0,1,0,4,0,6,0,0,88,0,0,0,0,0,0,0,0,0,2,0,0
GSM,sovereign_democracy,2024.1.1,48,0,1,0,4,0,6,0,0,88,0,0,0,0,0,0,0,0,0,2,0,0
GDC,sovereign_democracy,2024.1.1,48,0,1,0,4,0,6,0,0,88,0,0,0,0,0,0,0,0,0,2,0,0
KHM,sovereign_democracy,2024.1.1,48,0,1,0,4,0,6,0,0,88,0,0,0,0,0,0,0,0,0,2,0,0
NXM,sovereign_democracy,2024.1.1,48,0,1,0,4,0,6,0,0,88,0,0,0,0,0,0,0,0,0,2,0,0
SND,sovereign_democracy,2024.1.1,48,0,1,0,4,0,6,0,0,88,0,0,0,0,0,0,0,0,0,2,0,0
SIC,sovereign_democracy,2024.1.1,48,0,1,0,4,0,6,0,0,88,0,0,0,0,0,0,0,0,0,2,0,0
XIC,sovereign_democracy,2024.1.1,48,0,1,0,4,0,6,0,0,88,0,0,0,0,0,0,0,0,0,2,0,0
RNG,sovereign_democracy,2024.1.1,48,0,1,0,4,0,6,0,0,88,0,0,0,0,0,0,0,0,0,2,0,0
PSR,sovereign_democracy,2024.1.1,48,0,1,0,4,0,6,0,0,88,0,0,0,0,0,0,0,0,0,2,0,0
HBC,sovereign_democracy,2024.1.1,48,0,1,0,4,0,6,0,0,88,0,0,0,0,0,0,0,0,0,2,0,0
SDL,sovereign_democracy,2024.1.1,48,0,1,0,4,0,6,0,0,88,0,0,0,0,0,0,0,0,0,2,0,0
RUT,sovereign_democracy,2024.1.1,48,0,1,0,4,0,6,0,0,88,0,0,0,0,0,0,0,0,0,2,0,0
GAL,sovereign_democracy,2024.1.1,48,0,1,0,4,0,6,0,0,88,0,0,0,0,0,0,0,0,0,2,0,0
BLI,sovereign_democracy,2024.1.1,48,0,1,0,4,0,6,0,0,88,0,0,0,0,0,0,0,0,0,2,0,0
ATJ,sovereign_democracy,2024.1.1,48,0,1,0,4,0,6,0,0,88,0,0,0,0,0,0,0,0,0,2,0,0
SSI,sovereign_democracy,2024.1.1,48,0,1,0,4,0,6,0,0,88,0,0,0,0,0,0,0,0,0,2,0,0
POK,sovereign_democracy,2024.1.1,48,0,1,0,4,0,6,0,0,88,0,0,0,0,0,0,0,0,0,2,0,0
GOW,sovereign_democracy,2024.1.1,48,0,1,0,4,0,6,0,0,88,0,0,0,0,0,0,0,0,0,2,0,0
TNE,sovereign_democracy,2024.1.1,48,0,1,0,4,0,6,0,0,88,0,0,0,0,0,0,0,0,0,2,0,0
BOU,sovereign_democracy,2024.1.1,48,0,1,0,4,0,6,0,0,88,0,0,0,0,0,0,0,0,0,2,0,0
VAN,sovereign_democracy,2024.1.1,48,0,1,0,4,0,6,0,0,88,0,0,0,0,0,0,0,0,0,2,0,0
CPS,sovereign_democracy,2024.1.1,48,0,1,0,4,0,6,0,0,88,0,0,0,0,0,0,0,0,0,2,0,0
DPK,state_socialism,2024.1.1,60,0,2,1,0,0,0,0,0,3,0,0,92,0,0,0,0,0,0,5,0,0
SSD,military_junta,2024.1.1,48,0,1,0,4,0,6,0,0,0,88,0,0,0,0,0,0,0,0,2,0,0
KIR,liberal_conservatism,2024.1.1,48,1,1,0,16,14,55,0,11,0,0,0,0,0,0,0,0,0,0,4,0,0
TUV,social_liberalism,2024.1.1,48,1,1,0,13,60,17,0,7,0,0,0,0,0,0,0,0,0,0,3,0,0
NAU,liberal_conservatism,2024.1.1,48,1,1,0,18,15,50,0,13,0,0,0,0,0,0,0,0,0,0,4,0,0
MHL,social_liberalism,2024.1.1,48,1,1,0,13,55,19,0,9,0,0,0,0,0,0,0,0,0,0,4,0,0
MAU,social_democracy,2024.1.1,48,1,1,0,60,10,17,0,8,0,0,0,0,0,0,0,0,0,0,5,0,0
COM,military_junta,2024.1.1,48,0,1,0,4,0,6,0,0,0,88,0,0,0,0,0,0,0,0,2,0,0
STP,social_democracy,2024.1.1,48,1,1,0,55,11,18,0,9,0,0,0,0,0,0,0,0,0,0,7,0,0
SEY,social_democracy,2024.1.1,48,1,1,0,60,10,17,0,8,0,0,0,0,0,0,0,0,0,0,5,0,0
SML,liberal_conservatism,2024.1.1,48,1,1,0,15,12,50,0,15,0,0,0,0,0,0,0,0,0,3,5,0,0
NCY,liberal_conservatism,2024.1.1,48,1,1,0,16,12,40,0,22,0,0,0,0,0,0,0,0,0,7,3,0,0
HAM,jihadist_fundamentalism,2024.1.1,48,0,1,0,0,0,0,0,8,0,0,0,0,5,14,0,70,0,0,3,0,0
HEZ,theocratic_absolutism,2024.1.1,48,0,1,0,0,0,0,0,0,4,0,0,0,16,10,62,0,0,0,8,0,0
HOU,theocratic_absolutism,2024.1.1,48,0,1,0,0,0,0,0,0,4,0,0,0,12,10,68,6,0,0,0,0,0
YNR,military_junta,2024.1.1,48,0,1,0,4,0,6,0,0,0,88,0,0,0,0,0,0,0,0,2,0,0
NUG,social_liberalism,2024.1.1,48,0,1,0,10,35,13,0,23,0,0,0,0,0,0,0,0,0,8,11,0,0
ATG,liberal_conservatism,2024.1.1,48,1,1,0,14,12,55,0,11,0,0,0,0,0,0,0,0,0,4,4,0,0
DMA,social_liberalism,2024.1.1,48,1,1,0,12,60,16,0,7,0,0,0,0,0,0,0,0,0,0,5,0,0
STL,social_democracy,2024.1.1,48,1,1,0,55,11,18,0,9,0,0,0,0,0,0,0,0,0,0,7,0,0
SVG,social_democracy,2024.1.1,48,1,1,0,55,11,18,0,9,0,0,0,0,0,0,0,0,0,0,7,0,0
GND,social_democracy,2024.1.1,48,1,1,0,55,11,18,0,9,0,0,0,0,0,0,0,0,0,0,7,0,0
BRB,social_liberalism,2024.1.1,48,1,1,0,12,60,16,0,7,0,0,0,0,0,0,0,0,0,0,5,0,0
PMR,sovereign_democracy,2024.1.1,48,0,1,0,4,0,6,0,0,85,0,0,0,0,0,0,0,0,0,5,0,0
ROJ,democratic_confederalism,2024.1.1,48,1,1,0,15,0,8,0,0,0,0,0,0,12,4,0,0,55,0,6,0,0
STC,military_junta,2024.1.1,48,0,1,0,4,0,6,0,0,0,88,0,0,0,0,0,0,0,0,2,0,0
DRZ,military_junta,2024.1.1,48,0,1,0,4,0,6,0,0,0,88,0,0,0,0,0,0,0,0,2,0,0
SNA,military_junta,2024.1.1,48,0,1,0,4,0,6,0,0,0,88,0,0,0,0,0,0,0,0,2,0,0
PNT,military_junta,2024.1.1,48,0,1,0,4,0,6,0,0,0,88,0,0,0,0,0,0,0,0,2,0,0
JUB,military_junta,2024.1.1,48,0,1,0,4,0,6,0,0,0,88,0,0,0,0,0,0,0,0,2,0,0
SHB,jihadist_fundamentalism,2024.1.1,48,0,1,0,0,0,5,0,0,10,0,0,0,0,12,0,70,0,0,3,0,0
M23,military_junta,2024.1.1,48,0,1,0,4,0,6,0,0,0,88,0,0,0,0,0,0,0,0,2,0,0
SOE,sovereign_democracy,2024.1.1,48,0,1,0,4,0,6,0,0,88,0,0,0,0,0,0,0,0,0,2,0,0
NRF,social_liberalism,2024.1.1,48,0,1,0,13,55,18,0,9,0,0,0,0,0,0,0,0,0,0,5,0,0
LES,liberal_conservatism,2024.1.1,48,0,1,0,18,12,35,0,27,0,0,0,0,0,0,0,0,0,0,8,0,0
SWZ,absolute_monarchy,2024.1.1,48,0,1,0,4,0,6,0,0,0,0,88,0,0,0,0,0,0,0,2,0,0
LNA,military_junta,2024.1.1,48,0,2,0,4,0,6,0,0,0,88,0,0,0,0,0,0,0,0,2,0,0
RSF,military_junta,2024.1.1,48,0,1,0,4,0,6,0,0,0,88,0,0,0,0,0,0,0,0,2,0,0
SIO,military_junta,2024.1.1,48,0,1,0,4,0,6,0,0,0,88,0,0,0,0,0,0,0,0,2,0,0
AZA,military_junta,2024.1.1,48,0,1,0,4,0,6,0,0,0,88,0,0,0,0,0,0,0,0,2,0,0
IG1,sovereign_democracy,2024.1.1,48,0,1,0,4,0,6,0,0,88,0,0,0,0,0,0,0,0,0,2,0,0
IG2,sovereign_democracy,2024.1.1,48,0,1,0,4,0,6,0,0,88,0,0,0,0,0,0,0,0,0,2,0,0
IG3,sovereign_democracy,2024.1.1,48,0,1,0,4,0,6,0,0,88,0,0,0,0,0,0,0,0,0,2,0,0
IG4,sovereign_democracy,2024.1.1,48,0,1,0,4,0,6,0,0,88,0,0,0,0,0,0,0,0,0,2,0,0
