state_id,file,owner,loc_name,pretty_file,pop_source,official_weight,pixels,coastal
1,1-France.txt,FRA,Corsica,France,wikidata/admin1,355486.0,274,1
2,2-Italy.txt,ITA,Lazio,Italy,wikidata/admin1,5720536.0,671,1
3,3-Swiss Plateau.txt,SWI,Swiss Plateau,Swiss Plateau,wikidata/admin1,6473276.0,417,0
4,4-Austria.txt,AUS,Lower Austria,Austria,wikidata/admin1,1727514.0,921,0
5,5-Germany.txt,POL,Ermland-Masuren,Germany,wikidata/admin1,1437812.0,1042,0
6,6-Belgium.txt,BEL,Flanders,Belgium,wikidata/admin1,1602532.0,323,1
7,7-Holland.txt,HOL,Holland,Holland,manual/2026,6820000.0,314,1
8,8-Luxemburg.txt,LUX,Luxembourg,Luxemburg,wikidata/admin1,411312.0,116,0
9,9-Czechoslovakia.txt,CZE,Bohemia,Czechoslovakia,wikidata/admin1,1455940.0,1309,0
10,10-Poland.txt,POL,Warsaw,Poland,wikidata/admin1,5492000.0,867,0
11,11-Kaunas.txt,LIT,Kaunas,Kaunas,wikidata/admin1,580333.0,563,0
12,12-Latvia.txt,LAT,Vidzeme,Latvia,manual/2026,1200000.0,575,0
13,13-Estonia.txt,EST,Pärnu,Estonia,wikidata/admin1,87418.0,610,0
14,14-Brittany.txt,FRA,Brittany,Brittany,wikidata/admin1,3449370.0,956,1
15,15-Normandy.txt,FRA,Normandy,Normandy,wikidata/admin1,3345842.0,1189,1
16,16-Ile de France.txt,FRA,Ile de France,Ile de France,wikidata/admin1,12463067.0,709,0
17,17-Alcase Lorraine.txt,FRA,Franche-Comte,Alcase Lorraine,wikidata/admin1,1179601.0,872,0
18,18-Champagne.txt,FRA,Champagne,Champagne,wikidata/admin1,1339008.0,1232,0
19,19-Aquitaine.txt,FRA,Aquitaine,Aquitaine,wikidata/admin1,3316889.0,391,1
20,20-Franche-comte.txt,FRA,Rhone,Franche-comte,wikidata/admin1,1179601.0,1026,0
21,21-Bouches-du-Rhone.txt,FRA,Bouches-du-Rhône,Bouches-du-Rhone,wikidata/admin1,2087658.0,415,1
22,22-Roussillion.txt,FRA,Languedoc,Roussillion,wikidata/admin1,2729721.0,960,0
23,23-Poitou.txt,FRA,Poitou,Poitou,wikidata/admin1,1789779.0,1014,1
24,24-Centre.txt,FRA,Centre,Centre,wikidata/admin1,2587031.0,747,0
25,25-Limousin.txt,FRA,Limousin,Limousin,wikidata/admin1,729520.0,1190,0
26,26-Bourgogne.txt,FRA,Auvergne,Bourgogne,wikidata/admin1,2802670.0,798,0
27,27-Champagne2.txt,FRA,Bourgogne,Champagne2,wikidata/admin1,2802670.0,1116,0
28,28-Alcase.txt,FRA,Alsace-Lorraine,Alcase,wikidata/admin1,2345197.0,586,0
29,29-Pas de Calais.txt,FRA,Nord-Pas-de-Calais,Pas de Calais,wikidata/admin1,4060741.0,584,1
30,30-Loire.txt,FRA,Loire,Loire,wikidata/admin1,774133.0,1056,0
31,31-Midi Pyrenees.txt,FRA,Midi Pyrenees,Midi Pyrenees,wikidata/admin1,2954157.0,1403,0
32,32-Rhone Alpes.txt,FRA,Alpes,Rhone Alpes,wikidata/admin1,6399927.0,462,0
33,33-Centre sud.txt,FRA,Centre-Sud,Centre sud,wikidata/admin1,2587031.0,741,0
34,34-Wallonie.txt,BEL,Wallonia,Wallonie,wikidata/admin1,3704990.0,304,0
35,35-Gelderland.txt,HOL,Brabant,Gelderland,manual/2026,7275000.0,449,0
36,36-Friesland.txt,HOL,Friesland,Friesland,manual/2026,3777000.0,715,1
37,37-Denmark.txt,DEN,Sjaelland,Denmark,wikidata/admin1,590580.0,440,1
38,38-Sweden.txt,SWE,Gävleborg,Sweden,wikidata/admin1,283113.0,3662,1
39,39-South Tyrol.txt,ITA,South Tyrol,South Tyrol,wikidata/admin1,531178.0,376,0
40,40-USSR.txt,SOV,Altai Krai,USSR,wikidata/admin1,2099186.0,7279,0
41,41-Madrid.txt,SPR,Madrid,Madrid,wikidata/admin1,7001715.0,889,0
42,42-Rhineland.txt,GER,Moselland,Rhineland,census/admin,17900000.0,701,0
43,43-Hungary.txt,HUN,Northern Hungary,Hungary,wikidata/admin1,3927658.0,908,0
44,44-Albania.txt,ALB,Central Albania,Albania,manual/2026,919511.0,422,1
45,45-Yugoslavia.txt,SER,Vojvodina,Yugoslavia,wikidata/admin1,1740230.0,348,0
46,46-Romania.txt,ROM,Muntenia,Romania,wikidata/admin1,5810435.0,1557,0
47,47-Greece.txt,GRE,Attica,Greece,wikidata/admin1,3814064.0,852,1
48,48-Bulgaria.txt,BUL,Sofia,Bulgaria,wikidata/admin1,222946.0,813,0
49,49-Turkey.txt,TUR,Ankara,Turkey,wikidata/admin1,5317215.0,1259,0
50,50-Baden.txt,GER,Württemberg,Baden,census/admin,11300000.0,888,0
51,51-Moselland.txt,GER,Rhineland,Moselland,census/admin,17900000.0,617,0
52,52-Wuttemberg.txt,GER,Oberbayern,Wuttemberg,census/admin,13400000.0,1024,0
53,53-Oberbayern.txt,GER,Niederbayern,Oberbayern,census/admin,13400000.0,871,0
54,54-Bayreuth.txt,GER,Franken,Bayreuth,census/admin,13400000.0,1051,0
55,55-Nassau.txt,GER,Hessen,Nassau,census/admin,6300000.0,1072,0
56,56-Weser-Ems.txt,GER,Weser-Ems,Weser-Ems,census/admin,8100000.0,838,1
57,57-Westfalen.txt,GER,Westfalen,Westfalen,census/admin,17900000.0,798,0
58,58-Schleswig - Holstein.txt,GER,Holstein,Schleswig - Holstein,census/admin,3000000.0,479,1
59,59-Ost - Hannover.txt,GER,Hannover,Ost - Hannover,census/admin,8100000.0,1362,1
60,60-Sud-Hannover.txt,GER,Thüringen,Sud-Hannover,census/admin,8100000.0,766,0
61,61-Mecklenburg.txt,GER,Mecklenburg,Mecklenburg,census/admin,1600000.0,607,1
62,62-Pommern.txt,GER,Vorpommern,Pommern,census/admin,1600000.0,543,0
63,63-WestPrussen.txt,POL,Hinterpommern,WestPrussen,wikidata/admin1,1622760.0,1383,1
64,64-Brandenburg.txt,GER,Brandenburg,Brandenburg,census/admin,6300000.0,1408,0
65,65-Sachsen.txt,GER,Sachsen,Sachsen,census/admin,4000000.0,815,0
66,66-Niederschlesien.txt,POL,Lower Silesia,Niederschlesien,wikidata/admin1,2915245.0,972,0
67,67-Oberschlesien.txt,POL,Upper Silesia,Oberschlesien,wikidata/admin1,4617000.0,409,0
68,68-Wartheland.txt,POL,Ostmark,Wartheland,wikidata/admin1,1020767.0,583,0
69,69-Sudatenland.txt,CZE,North Sudetenland,Sudatenland,wikidata/admin1,1101551.0,693,0
70,70-Slovakia.txt,SLO,Western Slovakia,Slovakia,wikidata/admin1,1227457.0,699,0
71,71-East Slovakia.txt,SLO,Eastern Slovakia,East Slovakia,wikidata/admin1,1588008.0,697,0
72,72-Zaolzie.txt,CZE,Trans-Olza,Zaolzie,wikidata/admin1,1189204.0,126,0
73,73-Carpathian Ruthenia.txt,UKR,Carpathian Ruthenia,Carpathian Ruthenia,wikidata/admin1,1244476.0,477,0
74,74-East Sudatenland.txt,CZE,Sudeten Silesia,East Sudatenland,wikidata/admin1,1189204.0,326,0
75,75-Moravia.txt,CZE,Moravia,Moravia,wikidata/admin1,1229343.0,604,0
76,76-Northern Transylvania.txt,ROM,North Transylvania,Northern Transylvania,wikidata/admin1,1945797.0,1582,0
77,77-Dobrogea.txt,BUL,Dobrudja,Dobrogea,manual/2026,250000.0,244,0
78,78-Bessarabia.txt,MOL,Bessarabia,Bessarabia,country-wpp2026,0.0,1191,0
79,79-moldovia.txt,ROM,Moldova,moldovia,wikidata/admin1,4058640.0,1644,0
80,80-Bocovina.txt,UKR,Bucovina,Bocovina,wikidata/admin1,890457.0,197,0
81,81-Oltenia.txt,ROM,Oltenia,Oltenia,wikidata/admin1,1873607.0,874,0
82,82-Banat.txt,ROM,Banat,Banat,wikidata/admin1,1307264.0,693,0
83,83-crisana.txt,ROM,Crisana,crisana,wikidata/admin1,881965.0,358,0
84,84-Transylvania.txt,ROM,Transylvania,Transylvania,wikidata/admin1,3111823.0,1084,0
85,85-Danzig.txt,POL,Danzig,Danzig,wikidata/admin1,2300000.0,120,1
86,86-Poznan.txt,POL,Poznań,Poznan,wikidata/admin1,3495470.0,907,0
87,87-Lodz.txt,POL,Łódz,Lodz,wikidata/admin1,2508464.0,765,0
88,88-Kielce.txt,POL,Kraków,Kielce,wikidata/admin1,186894.0,1556,0
89,89-Krakow.txt,UKR,Stanisławów,Krakow,wikidata/admin1,1351822.0,827,0
90,90-Lwow.txt,POL,Kielce,Lwow,wikidata/admin1,186894.0,749,0
91,91-Tarnopol.txt,UKR,Lwów,Tarnopol,wikidata/admin1,2478133.0,1118,0
92,92-Lublin.txt,POL,Lublin,Lublin,wikidata/admin1,2151836.0,988,0
93,93-Volhynian.txt,UKR,Wołyn,Volhynian,wikidata/admin1,2163140.0,1209,0
94,94-Polesie.txt,BLR,Polesie,Polesie,wikidata/admin1,1290628.0,1927,0
95,95-Nowogrodek.txt,BLR,Nowogródek,Nowogrodek,wikidata/admin1,976218.0,1245,0
96,96-Wilejka.txt,BLR,Wilejka,Wilejka,wikidata/admin1,1454737.0,946,0
97,97-Bialystok.txt,POL,Białystok,Bialystok,wikidata/admin1,1193348.0,950,0
98,98-Mazurskie.txt,POL,Płock,Mazurskie,wikidata/admin1,5492000.0,913,0
99,99-Jutland.txt,DEN,Jutland,Jutland,wikidata/admin1,1917493.0,1276,1
100,100-Iceland.txt,ICE,Iceland,Iceland,country-wpp2026,0.0,7668,1
101,101-Greenland.txt,GRN,Greenland,Greenland,country-wpp2026,0.0,36047,1
102,102-North-Eastern Slovenia.txt,SLV,North Slovenia,North-Eastern Slovenia,manual/2026,1200000.0,388,0
103,103-Croatia.txt,CRO,Dalmatia,Croatia,manual/2026,700000.0,810,1
104,104-Bosnia.txt,BOS,Bosnia,Bosnia,wikidata/admin1,2219220.0,1424,0
105,105-Montenegro.txt,MNT,Montenegro,Montenegro,country-wpp2026,0.0,477,1
106,106-Macedonia.txt,MAC,Macedonia,Macedonia,manual/2026,1800000.0,551,0
107,107-Kosavo.txt,SER,Serbia,Kosavo,manual/2026,1680000.0,627,0
108,108-Eastern Serbia.txt,SER,Morava,Eastern Serbia,manual/2026,2200000.0,847,0
109,109-Eastern Croatia.txt,CRO,Croatia,Eastern Croatia,manual/2026,700000.0,922,0
110,110-Norway.txt,NOR,Oslofjord,Norway,wikidata/admin1,1764437.0,779,1
111,111-Uusima.txt,FIN,Uusimaa,Uusima,wikidata/admin1,1799629.0,867,1
112,112-Lisbon.txt,POR,Lisbon,Lisbon,wikidata/admin1,2135992.0,381,1
113,113-Ireland.txt,IRE,Leinster,Ireland,wikidata/admin1,2630720.0,938,1
114,114-Sardinia.txt,ITA,Sardinia,Sardinia,wikidata/admin1,1628384.0,749,1
115,115-Sicily.txt,ITA,Sicily,Sicily,wikidata/admin1,4983478.0,745,1
116,116-Malta.txt,MLT,Malta,Malta,wikidata/admin1,7087.0,30,1
117,117-Napoli.txt,ITA,Campania,Napoli,wikidata/admin1,5786373.0,724,1
118,118-Gibralter.txt,ENG,Gibraltar,Gibralter,census/admin,34000.0,24,1
119,119-Northern Ireland.txt,ENG,Northern Ireland,Northern Ireland,census/admin,1910000.0,645,1
120,120-Scottish Highlands.txt,ENG,Scottish Highlands,Scottish Highlands,census/admin,400000.0,1893,1
121,121-Scottish Lowlands.txt,ENG,Lothian,Scottish Lowlands,census/admin,2200000.0,554,1
122,122-Wales.txt,ENG,Wales,Wales,census/admin,3100000.0,873,1
123,123-Cornwall.txt,ENG,South-West England,Cornwall,census/admin,570000.0,579,1
124,124-Gotland.txt,SWE,Gotland,Gotland,wikidata/admin1,60724.0,268,1
125,125-East Anglia.txt,ENG,East Anglia,East Anglia,census/admin,6400000.0,653,1
126,126-Greater London Area.txt,ENG,Greater London Area,Greater London Area,census/admin,9800000.0,369,1
127,127-South-east England.txt,ENG,Sussex,South-east England,census/admin,1800000.0,539,1
128,128-West Midlands.txt,ENG,West Midlands,West Midlands,census/admin,6000000.0,573,0
129,129-East Midlands.txt,ENG,East Midlands,East Midlands,census/admin,4900000.0,670,0
130,130-Yorkshire.txt,ENG,Yorkshire,Yorkshire,census/admin,5500000.0,788,1
131,131-Northern England.txt,ENG,Northumberland,Northern England,census/admin,2700000.0,300,1
132,132-North-west England.txt,ENG,Lancashire,North-west England,census/admin,7500000.0,309,1
133,133-Strathclyde.txt,ENG,Lanark,Strathclyde,census/admin,1800000.0,741,1
134,134-Connaught.txt,IRE,Connaught,Connaught,wikidata/admin1,589338.0,1071,0
135,135-Munster.txt,IRE,Munster,Munster,wikidata/admin1,1246088.0,1075,0
136,136-Aberdeenshire.txt,ENG,Aberdeenshire,Aberdeenshire,census/admin,580000.0,824,0
137,137-Crimea.txt,UKR,Crimea,Crimea,wikidata/admin1,1957801.0,939,1
138,138-Skane.txt,SWE,Skåne,Skane,wikidata/admin1,1433725.0,949,1
139,139-Smaland.txt,SWE,Småland,Smaland,wikidata/admin1,817164.0,1411,0
140,140-Vaster Gotland.txt,SWE,Västergötland,Vaster Gotland,wikidata/admin1,60724.0,1069,1
141,141-Sodermanland.txt,SWE,Södermanland,Sodermanland,wikidata/admin1,300291.0,1996,1
142,142-Vestlandet.txt,NOR,Vestlandet,Vestlandet,wikidata/admin1,633117.0,3921,1
143,143-Midt-Noreg.txt,NOR,Trøndelag,Midt-Noreg,wikidata/admin1,464060.0,2696,1
144,144-Nord-Noreg.txt,NOR,Nordland,Nord-Noreg,wikidata/admin1,243385.0,1865,1
145,145-Aland.txt,FIN,Åland,Aland,wikidata/admin1,30836.0,136,1
146,146-Karelia.txt,SOV,Karelian Isthmus,Karelia,wikidata/admin1,518950.0,1753,0
147,147-Salla.txt,SOV,Salla,Salla,wikidata/admin1,518950.0,578,0
148,148-Lappi.txt,FIN,Lappi,Lappi,wikidata/admin1,360178.0,8569,0
149,149-Vaasa.txt,FIN,Vaasa,Vaasa,wikidata/admin1,436527.0,2685,1
150,150-Kuopio.txt,FIN,Kuopio,Kuopio,wikidata/admin1,479123.0,2838,0
151,151-Eastern Swiss Alps.txt,SWI,Eastern Swiss Alps,Eastern Swiss Alps,wikidata/admin1,1527091.0,348,0
152,152-Upper Austria.txt,AUS,Upper Austria,Upper Austria,wikidata/admin1,1535519.0,544,0
153,153-Tyrol.txt,AUS,Tyrol,Tyrol,wikidata/admin1,777660.0,757,0
154,154-Southern plain.txt,HUN,Transtisza,Southern plain,wikidata/admin1,2076674.0,885,0
155,155-Western Hungary.txt,HUN,North Transdanubia,Western Hungary,wikidata/admin1,1771106.0,901,0
156,156-Calabria.txt,ITA,Calabria,Calabria,wikidata/admin1,1947131.0,460,1
157,157-Abruzzo.txt,ITA,Abruzzo,Abruzzo,wikidata/admin1,1308451.0,871,1
158,158-Piedmont.txt,ITA,Piedmont,Piedmont,wikidata/admin1,4341375.0,1273,1
159,159-Lombardy.txt,ITA,Lombardy,Lombardy,wikidata/admin1,10067494.0,735,0
160,160-Veneto.txt,ITA,Veneto,Veneto,wikidata/admin1,4869830.0,715,1
161,161-Emilia Romagna.txt,ITA,Emilia Romagna,Emilia Romagna,wikidata/admin1,4459477.0,748,1
162,162-Tuscany.txt,ITA,Tuscany,Tuscany,wikidata/admin1,3729641.0,867,1
163,163-Dalmatia.txt,CRO,Zadar,Dalmatia,wikidata/admin1,159766.0,121,1
164,164-Dodecanese.txt,GRE,Dodecanese,Dodecanese,manual/2026,200000.0,76,1
165,165-Catalonia.txt,SPR,Catalonia,Catalonia,wikidata/admin1,8034743.0,1031,1
166,166-Western Aragon.txt,SPR,Western Aragón,Western Aragon,wikidata/admin1,1347834.0,781,0
167,167-Valencia.txt,SPR,Valencia,Valencia,wikidata/admin1,5316541.0,621,1
168,168-Murcia.txt,SPR,Murcia,Murcia,wikidata/admin1,1586989.0,788,1
169,169-Sevilla.txt,SPR,Sevilla,Sevilla,wikidata/admin1,1967746.0,904,1
170,170-Extremadura.txt,SPR,Extremadura,Extremadura,wikidata/admin1,1052790.0,1209,0
171,171-Galicia.txt,SPR,Galicia,Galicia,wikidata/admin1,2703353.0,996,1
172,172-Navarre.txt,SPR,Navarra,Navarre,wikidata/admin1,678338.0,336,0
173,173-Granada.txt,SPR,Granada,Granada,wikidata/admin1,937135.0,789,1
174,174-Leon.txt,SPR,León,Leon,wikidata/admin1,446445.0,810,0
175,175-Ciudad Real.txt,SPR,Ciudad Real,Ciudad Real,wikidata/admin1,492640.0,600,0
176,176-Burgos.txt,SPR,Burgos,Burgos,wikidata/admin1,358948.0,835,0
177,177-Balearic Islands.txt,SPR,Islas Baleares,Balearic Islands,wikidata/admin1,1176659.0,157,1
178,178-Canary islands.txt,SPR,Islas Canarias,Canary islands,wikidata/admin1,2228862.0,195,1
179,179-Beja.txt,POR,Beja,Beja,manual/2026,140000.0,632,1
180,180-Porto.txt,POR,Porto,Porto,wikidata/admin1,1817172.0,546,1
181,181-Guarda.txt,POR,Guarda,Guarda,wikidata/admin1,39103.0,577,0
182,182-Crete.txt,GRE,Crete,Crete,wikidata/admin1,624408.0,250,1
183,183-Cyprus.txt,CYP,Cyprus,Cyprus,country-wpp2026,0.0,138,1
184,184-Thrace.txt,GRE,Thrace,Thrace,wikidata/admin1,562201.0,441,0
185,185-Epirus.txt,GRE,Epirus,Epirus,wikidata/admin1,319991.0,961,1
186,186-Peloponnese.txt,GRE,Peloponnese,Peloponnese,wikidata/admin1,539535.0,649,1
187,187-Aegean Islands.txt,GRE,Aegean Islands,Aegean Islands,wikidata/admin1,327820.0,276,1
188,188-Memel.txt,LIT,Memel,Memel,wikidata/admin1,336104.0,142,1
189,189-Kaunas.txt,LIT,Žemaitija,Kaunas,wikidata/admin1,580333.0,671,1
190,190-Kurzeme.txt,LAT,Kurzeme,Kurzeme,wikidata/admin1,32450.0,719,1
191,191-Tartu.txt,EST,Tartu,Tartu,wikidata/admin1,162390.0,593,0
192,192-Odessa.txt,UKR,Odessa,Odessa,wikidata/admin1,2351392.0,446,1
193,193-Kiev.txt,UKR,Chernigov,Kiev,wikidata/admin1,959315.0,1315,0
194,194-Pinsk Marches.txt,BLR,Mozyr,Pinsk Marches,wikidata/admin1,1316666.0,1199,0
195,195-Leningrad Area.txt,SOV,Leningrad,Leningrad Area,wikidata/admin1,5652922.0,465,1
196,196-Kherson.txt,UKR,Kherson,Kherson,wikidata/admin1,1001598.0,432,0
197,197-Mykolaiv.txt,UKR,Mykolaiv,Mykolaiv,wikidata/admin1,1091821.0,563,0
198,198-Vinnytsia.txt,UKR,Vinnytsia,Vinnytsia,wikidata/admin1,1509515.0,863,0
199,199-Khmelnytskyi.txt,UKR,Proskuriv,Khmelnytskyi,wikidata/admin1,1228829.0,727,0
200,200-Rivne.txt,UKR,Zaporozhe,Rivne,wikidata/admin1,1141784.0,358,0
201,201-Zhytomyr.txt,UKR,Zhytomyr,Zhytomyr,wikidata/admin1,1179032.0,1280,0
202,202-Western Kiev.txt,UKR,Kiev,Western Kiev,wikidata/admin1,4747380.0,1094,0
203,203-Cherkasy.txt,UKR,Cherkasy,Cherkasy,wikidata/admin1,1160744.0,1394,0
204,204-Brest.txt,BLR,Bobruysk,Brest,wikidata/admin1,962053.0,954,0
205,205-Hrodna.txt,SOV,Kaluga,Hrodna,wikidata/admin1,1000980.0,1382,0
206,206-Minsk.txt,BLR,Minsk,Minsk,wikidata/admin1,1995091.0,1112,0
207,207-Viciebsk.txt,BLR,Vitebsk,Viciebsk,wikidata/admin1,1060687.0,1431,0
208,208-Pskov.txt,SOV,Luga,Pskov,wikidata/admin1,574480.0,1122,0
209,209-Smolensk.txt,SOV,Pskov,Smolensk,wikidata/admin1,863987.0,1353,0
210,210-Bryansk.txt,SOV,Nevel,Bryansk,wikidata/admin1,1132795.0,1560,0
211,211-Burgas.txt,BUL,Burgas,Burgas,wikidata/admin1,388919.0,839,1
212,212-Plovdiv.txt,BUL,Plovdiv,Plovdiv,wikidata/admin1,638290.0,1036,0
213,213-Murmansk.txt,SOV,Murmansk,Murmansk,wikidata/admin1,656438.0,11414,1
214,214-Arkhangelsk.txt,SOV,Arkhangelsk,Arkhangelsk,wikidata/admin1,989434.0,8227,1
215,215-Eastern Karelia.txt,SOV,Onega,Eastern Karelia,wikidata/admin1,518950.0,7056,0
216,216-Below Zero.txt,SOV,Olonets,Below Zero,wikidata/admin1,518950.0,1967,0
217,217-Stalingrad Area.txt,SOV,Stalingrad,Stalingrad Area,wikidata/admin1,2434046.0,1307,0
218,218-Rostov Area.txt,SOV,Rostov,Rostov Area,wikidata/admin1,4137335.0,799,1
219,219-Moscow Area.txt,SOV,Moscow,Moscow Area,wikidata/admin1,13274285.0,2249,0
220,220-Kursk Area.txt,SOV,Kursk,Kursk Area,wikidata/admin1,1049783.0,1220,0
221,221-Kharkov.txt,UKR,Kharkov,Kharkov,wikidata/admin1,2598961.0,1138,0
222,222-Orel.txt,SOV,Orel,Orel,wikidata/admin1,692486.0,1111,0
223,223-tula.txt,SOV,Tula,tula,wikidata/admin1,1471140.0,1163,0
224,224-Bryansk.txt,SOV,Bryansk,Bryansk,wikidata/admin1,1132795.0,1541,0
225,225-Glukhov.txt,UKR,Sumy,Glukhov,wikidata/admin1,1035772.0,946,0
226,226-Nikopol.txt,UKR,Dnipropetrovsk,Nikopol,wikidata/admin1,3096485.0,1184,0
227,227-Stalino.txt,UKR,Stalino,Stalino,wikidata/admin1,4200461.0,690,0
228,228-Taganrog.txt,UKR,Voroshilovgrad,Taganrog,wikidata/admin1,2167802.0,931,0
229,229-baku.txt,AZR,Azerbaijan,baku,wikidata/admin1,2300500.0,2351,0
230,230-Armenia.txt,ARM,Armenia,Armenia,country-wpp2026,0.0,1012,0
231,231-Georgia.txt,GEO,Georgia,Georgia,country-wpp2026,0.0,1492,1
232,232-Grozny.txt,SOV,Dagestan,Grozny,wikidata/admin1,3232224.0,1887,0
233,233-Caucasus Mountains.txt,SOV,Sochi,Caucasus Mountains,wikidata/admin1,5842238.0,753,0
234,234-Krasodar.txt,SOV,Krasnodar,Krasodar,wikidata/admin1,5842238.0,2515,1
235,235-Stravropol.txt,SOV,Stavropol,Stravropol,wikidata/admin1,2884363.0,2244,0
236,236-Astrakhan.txt,SOV,Astrakhan,Astrakhan,wikidata/admin1,946429.0,1412,0
237,237-Elista.txt,SOV,Kalmykia,Elista,wikidata/admin1,267588.0,2917,0
238,238-volgodonsk.txt,SOV,Volgodonsk,volgodonsk,wikidata/admin1,4137335.0,1629,0
239,239-Saratov.txt,SOV,Saratov,Saratov,wikidata/admin1,2369405.0,1937,0
240,240-Voronezh.txt,SOV,Belgorod,Voronezh,wikidata/admin1,2260045.0,1097,0
241,241-Pochep.txt,BLR,Gomel,Pochep,wikidata/admin1,1316666.0,1121,0
242,242-Smolensk.txt,SOV,Smolensk,Smolensk,wikidata/admin1,863987.0,1489,0
243,243-Roslavl.txt,SOV,Roslavl,Roslavl,wikidata/admin1,1187558.0,820,0
244,244-Gatchina.txt,SOV,Volkhov,Gatchina,wikidata/admin1,2035762.0,943,0
245,245-Donetsk.txt,SOV,Millerovo,Donetsk,wikidata/admin1,4137335.0,1797,0
246,246-Rzhev.txt,SOV,Rzhev,Rzhev,wikidata/admin1,1190574.0,2746,0
247,247-Tver.txt,SOV,Kalinin,Tver,wikidata/admin1,1190574.0,1696,0
248,248-Yaroslavl.txt,SOV,Yaroslavl,Yaroslavl,wikidata/admin1,1187558.0,2332,0
249,249-Kazan.txt,SOV,Kazan,Kazan,wikidata/admin1,4003016.0,3345,0
250,250-ulyanovsky.txt,SOV,Ulyanovsky,ulyanovsky,wikidata/admin1,1172782.0,2086,0
251,251-Samara.txt,SOV,Kuybyshev,Samara,wikidata/admin1,3112566.0,2269,0
252,252-Nizhny Novogrod.txt,SOV,Gorky,Nizhny Novogrod,wikidata/admin1,3039421.0,3459,0
253,253-Ivanovo.txt,SOV,Ivanovo,Ivanovo,wikidata/admin1,905900.0,2627,0
254,254-Ryazan.txt,SOV,Ryazan,Ryazan,wikidata/admin1,1043231.0,1931,0
255,255-Penza.txt,SOV,Penza,Penza,wikidata/admin1,1213113.0,2738,0
256,256-Cheboksary.txt,SOV,Chuvashia,Cheboksary,wikidata/admin1,1167061.0,936,0
257,257-Livny.txt,SOV,Tambov,Livny,wikidata/admin1,956292.0,1517,0
258,258-lipetsk.txt,SOV,Lipetsk,lipetsk,wikidata/admin1,1125921.0,1088,0
259,259-Liski.txt,UKR,Poltava,Liski,wikidata/admin1,1352283.0,1070,0
260,260-Borisoglbsk.txt,SOV,Voronezh,Borisoglbsk,wikidata/admin1,2260045.0,2007,0
261,261-USA.txt,USA,Ohio,USA,census/admin,11883304.0,3455,0
262,262-Torzhok.txt,SOV,Pechora,Torzhok,wikidata/admin1,714785.0,12960,0
263,263-Veliky Novogrod.txt,SOV,Novgorod,Veliky Novogrod,wikidata/admin1,566960.0,1772,0
264,264-Tikhvin.txt,SOV,Tikhvin,Tikhvin,wikidata/admin1,2035762.0,2976,0
265,265-Mikhaylovka.txt,SOV,Mikhaylovka,Mikhaylovka,wikidata/admin1,2434046.0,1872,0
266,266-Persia.txt,PER,Tehran,Persia,wikidata/admin1,13422366.0,1740,0
267,267-Afghanistan.txt,AFG,Kabul,Afghanistan,wikidata/admin1,5766181.0,2394,0
268,268-French Somaliland.txt,DJI,French Somaliland,French Somaliland,country-wpp2026,0.0,454,1
269,269-British Somaliland.txt,SML,Somaliland,British Somaliland,country-wpp2026,0.0,3601,1
270,270-Pitcarin Island.txt,ENG,Pitcairn Island,Pitcarin Island,manual/2026,50.0,152,1
271,271-ethiopia.txt,ETH,Shewa,ethiopia,wikidata/admin1,2350000.0,2535,0
272,272-French Africa.txt,SEN,Senegal,French Africa,country-wpp2026,0.0,4002,1
273,273-Italian Africa.txt,LNA,Libyan Desert,Italian Africa,manual/2026,80000.0,33851,0
274,274-British Africa.txt,GHA,Ghana,British Africa,country-wpp2026,0.0,4790,1
275,275-South Africa.txt,SAF,Transvaal,South Africa,manual/2026,22000000.0,11634,0
276,276-Canada.txt,CAN,Southern Ontario,Canada,wikidata/admin1,14223942.0,4626,0
277,277-Mexico.txt,MEX,Mexico City,Mexico,wikidata/admin1,9209944.0,2170,0
278,278-Argentina.txt,ARG,Buenos Aires,Argentina,wikidata/admin1,17523996.0,8603,1
279,279-Chile.txt,CHL,Santiago,Chile,wikidata/admin1,7400741.0,2666,1
280,280-Brazil.txt,BRA,Mato Grosso,Brazil,census/admin,3800000.0,17854,0
281,281-India.txt,MLD,Maldives,India,country-wpp2026,0.0,394,1
282,282-Japan.txt,JAP,Kanto,Japan,census/admin,43000000.0,926,1
283,283-China.txt,CHI,Gansu,China,census/admin,24650000.0,3074,0
284,284-New Zealand.txt,NZL,Wellington,New Zealand,wikidata/admin1,543400.0,1278,1
285,285-Austraila.txt,AST,New South Wales,Austraila,wikidata/admin1,8545100.0,15350,1
286,286-Indochina.txt,VIN,South Annam,Indochina,manual/2026,18000000.0,2183,1
287,287-Sinkiang.txt,CHI,Taklamakan,Sinkiang,census/admin,25980000.0,7314,0
288,288-Magwe.txt,BRM,Magwe,Magwe,manual/2026,3900000.0,1623,0
289,289-Western Siam.txt,SIA,Western Siam,Western Siam,manual/2026,3000000.0,1642,0
290,290-Spanish Africa.txt,MOR,Spanish Africa,Spanish Africa,manual/2026,4000000.0,569,0
291,291-Iraq.txt,IRQ,Baghdad,Iraq,wikidata/admin1,9780429.0,2197,0
292,292-Saudi Arabia.txt,SAU,Nejd,Saudi Arabia,wikidata/admin1,6777146.0,7965,0
293,293-Yemen.txt,HOU,North Yemen,Yemen,country-wpp2026,0.0,1704,1
294,294-Oman.txt,OMA,Muscat,Oman,manual/2026,1200000.0,3180,1
295,295-Congo.txt,COG,Léopoldville,Congo,wikidata/admin1,18611000.0,6930,1
296,296-Portugal Africa.txt,GNB,Portuguese Guinea,Portugal Africa,country-wpp2026,0.0,634,1
297,297-Belgian Africa.txt,EQG,Equatorial Guinea,Belgian Africa,country-wpp2026,0.0,566,1
298,298-Liberia.txt,LIB,Liberia,Liberia,country-wpp2026,0.0,1919,1
299,299-Falkand Islands.txt,ENG,Falkland Islands,Falkand Islands,manual/2026,3500.0,376,1
300,300-Uruguay.txt,URG,Montevideo,Uruguay,wikidata/admin1,1302954.0,1429,1
301,301-paraguay.txt,PAR,Paraguay,paraguay,wikidata/admin1,17608.0,3942,0
302,302-bolivia.txt,BOL,La Paz,bolivia,wikidata/admin1,3030917.0,8716,0
303,303-Peru.txt,PRU,Lima,Peru,wikidata/admin1,11595510.0,5530,1
304,304-Panama.txt,PAN,Panamá,Panama,wikidata/admin1,1713070.0,1415,1
305,305-Ecuador.txt,ECU,Ecuador,Ecuador,manual/2026,16000000.0,4955,1
306,306-Colombia.txt,COL,Cundinamarca,Colombia,wikidata/admin1,3242999.0,4780,0
307,307-Venezuela.txt,VEN,Miranda,Venezuela,manual/2026,12000000.0,6467,1
308,308-Britain SA.txt,ATG,Antigua and Barbuda,Britain SA,wikidata/admin1,1638.0,56,1
309,309-Dutch SA.txt,SUR,Suriname,Dutch SA,country-wpp2026,0.0,2865,1
310,310-French SA.txt,FRA,French Guiana,French SA,wikidata/admin1,293996.0,1742,1
311,311-BritMex.txt,BLZ,Belize,BritMex,wikidata/admin1,131363.0,498,1
312,312-Honduras.txt,HON,Honduras,Honduras,country-wpp2026,0.0,2395,1
313,313-Guatemala.txt,GUA,Guatemala,Guatemala,wikidata/admin1,3015081.0,2413,1
314,314-El Salvador.txt,ELS,El Salvador,El Salvador,country-wpp2026,0.0,426,1
315,315-Cuba.txt,CUB,Cuba,Cuba,country-wpp2026,0.0,2542,1
316,316-Costa Rica.txt,COS,Costa Rica,Costa Rica,country-wpp2026,0.0,1065,1
317,317-Nicaragua.txt,NIC,Nicaragua,Nicaragua,country-wpp2026,0.0,2458,1
318,318-Haiti.txt,HAI,Haiti,Haiti,country-wpp2026,0.0,607,1
319,319-Dominican Republic.txt,DOM,Dominican Republic,Dominican Republic,country-wpp2026,0.0,1086,1
320,320-French India.txt,RAJ,French India,French India,census/admin,1400000.0,90,1
321,321-Goa.txt,RAJ,Goa,Goa,census/admin,1600000.0,99,1
322,322-Tibet.txt,CHI,Nagqu,Tibet,census/admin,3650000.0,10971,0
323,323-Nepal.txt,NEP,Nepal,Nepal,country-wpp2026,0.0,3652,0
324,324-Bhutan.txt,BHU,Bhutan,Bhutan,country-wpp2026,0.0,955,0
325,325-Yunnan.txt,CHI,Yunnan,Yunnan,census/admin,46730000.0,4945,0
326,326-HongKong.txt,CHI,Hong Kong,HongKong,census/admin,7378602.0,51,1
327,327-Philippines.txt,PHI,Manila,Philippines,wikidata/admin1,14001751.0,800,1
328,328-Manchukuo.txt,CHI,Kirin,Manchukuo,census/admin,23388000.0,5151,0
329,329-Tannu Tuva.txt,SOV,Tannu Tuva,Tannu Tuva,wikidata/admin1,338483.0,7283,0
330,330-Mongolia.txt,MON,Ulaanbaatar,Mongolia,wikidata/admin1,1396288.0,11843,0
331,331-Newfoundland.txt,CAN,Newfoundland,Newfoundland,wikidata/admin1,510550.0,4325,1
332,332-Labrador.txt,CAN,Labrador,Labrador,wikidata/admin1,510550.0,12817,1
333,333-British Borneo.txt,MAL,Sarawak,British Borneo,wikidata/admin1,2453700.0,1973,1
334,334-Kalimantan Barat.txt,INS,Kalimantan Barat,Kalimantan Barat,wikidata/admin1,5695500.0,2000,1
335,335-West Java.txt,INS,West Java,West Java,wikidata/admin1,50345200.0,842,0
336,336-Singapore.txt,MAL,Kuala Lumpur,Singapore,wikidata/admin1,9000280.0,277,1
337,337-Faroe Islands.txt,DEN,Faroe Islands,Faroe Islands,manual/2026,54600.0,125,1
338,338-Gloucestershire.txt,ENG,Gloucestershire,Gloucestershire,census/admin,900000.0,483,1
339,339-Izmir.txt,TUR,Izmir,Izmir,wikidata/admin1,4126820.0,1121,1
340,340-Bursa.txt,TUR,Bursa,Bursa,wikidata/admin1,2894954.0,1053,0
341,341-Edirne.txt,TUR,Edirne,Edirne,wikidata/admin1,389114.0,675,1
342,342-Antalya.txt,TUR,Antalya,Antalya,wikidata/admin1,2418651.0,973,1
343,343-Afyon.txt,TUR,Afyon,Afyon,wikidata/admin1,709015.0,1225,0
344,344-Adana.txt,TUR,Malatya,Adana,wikidata/admin1,797036.0,1060,1
345,345-Mersin.txt,TUR,Mersin,Mersin,wikidata/admin1,1814468.0,1033,0
346,346-Konya.txt,TUR,Konya,Konya,wikidata/admin1,2296347.0,1678,0
347,347-Izmit.txt,TUR,Izmit,Izmit,wikidata/admin1,1953035.0,888,1
348,348-Kayseri.txt,TUR,Kayseri,Kayseri,wikidata/admin1,1389680.0,1234,0
349,349-Silvas.txt,TUR,Sivas,Silvas,wikidata/admin1,646608.0,1159,0
350,350-Diyarbekir.txt,TUR,Diyarbakır,Diyarbekir,wikidata/admin1,1557143.0,1154,0
351,351-Vologda.txt,SOV,Vologda,Vologda,wikidata/admin1,1160445.0,8337,0
352,352-Hakkari.txt,TUR,Hakkari,Hakkari,wikidata/admin1,286470.0,1237,0
353,353-Erzurum.txt,TUR,Tunceli,Erzurum,wikidata/admin1,683823.0,1224,0
354,354-Trabzon.txt,TUR,Trabzon,Trabzon,wikidata/admin1,757629.0,1760,1
355,355-Samsun.txt,TUR,Samsun,Samsun,wikidata/admin1,1274554.0,1110,1
356,356-Sinop.txt,TUR,Kastamonu,Sinop,wikidata/admin1,354122.0,1325,1
357,357-New England.txt,USA,New England,New England,census/admin,15324109.0,5783,1
358,358-New York.txt,USA,New York,New York,census/admin,19867314.0,4255,1
359,359-New Jersey.txt,USA,New Jersey,New Jersey,census/admin,9500851.0,600,0
360,360-Pennsylvania.txt,USA,Pennsylvania,Pennsylvania,census/admin,13078751.0,3671,1
361,361-Maryland.txt,USA,Maryland,Maryland,census/admin,6965470.0,981,1
362,362-Virginia.txt,USA,Virginia,Virginia,census/admin,8811195.0,3044,1
363,363-North Carolina.txt,USA,North Carolina,North Carolina,census/admin,11046024.0,3597,1
364,364-South Carolina.txt,USA,South Carolina,South Carolina,census/admin,5478831.0,2208,1
365,365-Georgia.txt,USA,Georgia,Georgia,census/admin,11180878.0,4043,1
366,366-Florida.txt,USA,Florida,Florida,census/admin,23372215.0,3597,1
367,367-Alabama.txt,USA,Alabama,Alabama,census/admin,5143033.0,3521,1
368,368-Tennesse.txt,USA,Tennessee,Tennesse,census/admin,7204002.0,3079,0
369,369-Kentucky.txt,USA,Kentucky,Kentucky,census/admin,4584297.0,3039,0
370,370-Mississippi.txt,USA,Mississippi,Mississippi,census/admin,2941991.0,3283,1
371,371-Louisiana.txt,USA,Louisiana,Louisiana,census/admin,4573749.0,3095,1
372,372-Arkansas.txt,USA,Arkansas,Arkansas,census/admin,3089060.0,3792,0
373,373-Missouri.txt,USA,Missouri,Missouri,census/admin,6215144.0,5376,0
374,374-Oklahoma.txt,USA,Oklahoma,Oklahoma,census/admin,4108103.0,5093,0
375,375-Texas.txt,USA,Texas,Texas,census/admin,31290831.0,17756,1
376,376-New Mexico.txt,USA,New Mexico,New Mexico,census/admin,2130256.0,8734,0
377,377-Arizona.txt,USA,Arizona,Arizona,census/admin,7582384.0,8077,0
378,378-California.txt,USA,California,California,census/admin,39431263.0,11761,1
379,379-Nevada.txt,USA,Nevada,Nevada,census/admin,3267467.0,8740,0
380,380-Utah.txt,USA,Utah,Utah,census/admin,3454232.0,6570,0
381,381-Wyoming.txt,USA,Wyoming,Wyoming,census/admin,587618.0,8342,0
382,382-Colorado.txt,USA,Colorado,Colorado,census/admin,5957615.0,8243,0
383,383-Kansas.txt,USA,Kansas,Kansas,census/admin,2944376.0,6434,0
384,384-Nebraska.txt,USA,Nebraska,Nebraska,census/admin,2001176.0,6394,0
385,385-Oregon.txt,USA,Oregon,Oregon,census/admin,4272371.0,8403,1
386,386-Washington.txt,USA,Washington,Washington,census/admin,7952791.0,6678,1
387,387-Idaho.txt,USA,Idaho,Idaho,census/admin,2001619.0,7485,0
388,388-Montana.txt,USA,Montana,Montana,census/admin,1137233.0,14185,0
389,389-North Dakota.txt,USA,North Dakota,North Dakota,census/admin,788940.0,6889,0
390,390-South Dakota.txt,USA,South Dakota,South Dakota,census/admin,924669.0,6776,0
391,391-Minnesota.txt,USA,Minnesota,Minnesota,census/admin,5778348.0,7988,0
392,392-Iowa.txt,USA,Iowa,Iowa,census/admin,3219171.0,4723,0
393,393-Michigan.txt,USA,Michigan,Michigan,census/admin,10083783.0,5101,0
394,394-Wisconsin.txt,USA,Wisconsin,Wisconsin,census/admin,5931367.0,5084,0
395,395-Illinois.txt,USA,Illinois,Illinois,census/admin,12693575.0,4613,0
396,396-Indiana.txt,USA,Indiana,Indiana,census/admin,6924275.0,2882,0
397,397-Syktyvkar.txt,SOV,Syktyvkar,Syktyvkar,wikidata/admin1,714785.0,12712,0
398,398-Perm.txt,SOV,Perm,Perm,wikidata/admin1,2483633.0,10528,0
399,399-Izhevsk.txt,SOV,Udmurtia,Izhevsk,wikidata/admin1,1493356.0,2406,0
400,400-Kirov.txt,SOV,Kirov,Kirov,wikidata/admin1,1129935.0,9606,0
401,401-Engels.txt,SOV,Balakovo,Engels,wikidata/admin1,2369405.0,1796,0
402,402-Akhtubinsk.txt,KAZ,Akhtubinsk,Akhtubinsk,wikidata/admin1,906220.0,12005,0
403,403-Kharabali.txt,SOV,Tyumen,Kharabali,wikidata/admin1,3890800.0,9084,0
404,404-Saykhin.txt,KAZ,Kyzyl Orda,Saykhin,wikidata/admin1,814931.0,7707,0
405,405-Atyrau.txt,UZB,Tashkent,Atyrau,wikidata/admin1,2956384.0,1846,0
406,406-Krasnyy Yar.txt,KAZ,Guryev,Krasnyy Yar,wikidata/admin1,673601.0,3499,0
407,407-Uralsk.txt,KAZ,Ural'sk,Uralsk,wikidata/admin1,675655.0,7003,0
408,408-Vladivostok.txt,SOV,Vladivostok,Vladivostok,wikidata/admin1,1799659.0,5200,1
409,409-Khabarovsk.txt,SOV,Khabarovsk,Khabarovsk,wikidata/admin1,1273488.0,5885,1
410,410-Sistan.txt,PER,Sistan,Sistan,wikidata/admin1,2775014.0,5388,0
411,411-Hormozgan.txt,PER,Isfahan,Hormozgan,wikidata/admin1,1776415.0,3306,0
412,412-Fars.txt,PER,Fars,Fars,wikidata/admin1,4851274.0,5900,1
413,413-Khuzestan.txt,PER,Khuzestan,Khuzestan,wikidata/admin1,4710509.0,1966,1
414,414-Kerman.txt,PER,Kerman,Kerman,wikidata/admin1,3164718.0,2847,0
415,415-South Khorasan.txt,AFG,Herat,South Khorasan,wikidata/admin1,1762157.0,3307,0
416,416-Razavi Khorasan.txt,PER,Khorasan,Razavi Khorasan,wikidata/admin1,867727.0,2657,0
417,417-Golestan.txt,PER,Hamadan,Golestan,wikidata/admin1,1868819.0,2057,0
418,418-Semnan.txt,PER,Semnan,Semnan,wikidata/admin1,702360.0,4236,0
419,419-Azerbaijan.txt,PER,West Azerbaijan,Azerbaijan,wikidata/admin1,3909652.0,1138,0
420,420-Gilan.txt,PER,Gilan,Gilan,wikidata/admin1,2530696.0,2040,0
421,421-Kurdistan.txt,PER,Ilam,Kurdistan,wikidata/admin1,1603011.0,1161,0
422,422-Ceylon.txt,SRL,Ceylon,Ceylon,country-wpp2026,0.0,1364,1
423,423-Madras.txt,RAJ,Southern Madras,Madras,census/admin,77000000.0,2840,0
424,424-Andra Pradesh.txt,RAJ,Northern Madras,Andra Pradesh,census/admin,53000000.0,2737,0
425,425-Mysore.txt,RAJ,Mysore,Mysore,census/admin,68000000.0,2302,1
426,426-Orissa.txt,RAJ,Orissa,Orissa,census/admin,46000000.0,4059,0
427,427-Hyderabad.txt,RAJ,Hyderabad,Hyderabad,census/admin,91000000.0,4238,0
428,428-Western Indian States.txt,RAJ,Gujarat,Western Indian States,census/admin,72000000.0,3824,0
429,429-Bombay.txt,RAJ,Bombay,Bombay,census/admin,128000000.0,3247,1
430,430-Bangladesh.txt,BAN,Bangladesh,Bangladesh,country-wpp2026,0.0,3160,1
431,431-Calcutta.txt,RAJ,West Bengal,Calcutta,census/admin,100000000.0,2619,1
432,432-Assam.txt,RAJ,Assam,Assam,census/admin,50000000.0,3124,0
433,433-Rajputana.txt,RAJ,Rajahsthan,Rajputana,census/admin,82000000.0,6093,0
434,434-Arunachal Pradesh.txt,RAJ,Arunachal Pradesh,Arunachal Pradesh,census/admin,1600000.0,1736,0
435,435-Bihar.txt,RAJ,Bihar,Bihar,census/admin,171000000.0,3765,0
436,436-Central Provinces.txt,RAJ,Central Provinces,Central Provinces,census/admin,117000000.0,6006,0
437,437-Central Indian Provinces.txt,RAJ,Central India,Central Indian Provinces,census/admin,20000000.0,2957,0
438,438-United Provinces.txt,RAJ,United Provinces,United Provinces,census/admin,252000000.0,7032,0
439,439-Delhi.txt,RAJ,Delhi,Delhi,census/admin,22000000.0,1207,0
440,440-West Punjab.txt,PAK,West Punjab,West Punjab,wikidata/admin1,127688922.0,4630,0
441,441-Kashmir.txt,RAJ,Jammu and Kashmir,Kashmir,census/admin,13600000.0,3129,0
442,442-Peshawar.txt,PAK,Peshawar,Peshawar,wikidata/admin1,26896829.0,1629,0
443,443-Sind.txt,PAK,Sind,Sind,wikidata/admin1,55245497.0,3294,1
444,444-Baluchistan States.txt,PAK,South Baluchistan,Baluchistan States,wikidata/admin1,13162222.0,2980,0
445,445-Quetta.txt,PAK,Sibi,Quetta,wikidata/admin1,13162222.0,1666,0
446,446-Cairo.txt,EGY,Suez,Cairo,wikidata/admin1,9539673.0,471,1
447,447-Alexandria.txt,EGY,Alexandria,Alexandria,wikidata/admin1,5163750.0,671,1
448,448-Tripoli.txt,LBA,Tripoli,Tripoli,manual/2026,1200000.0,1200,1
449,449-Libyan Coast.txt,LNA,El Agheila,Libyan Coast,manual/2026,120000.0,867,0
450,450-Benghasi.txt,LNA,Benghasi,Benghasi,manual/2026,800000.0,382,1
451,451-Derna.txt,LNA,Derna,Derna,manual/2026,200000.0,629,1
452,452-Marsa Matruh.txt,EGY,Matrouh,Marsa Matruh,wikidata/admin1,425624.0,1482,0
453,453-Sinai.txt,EGY,Sinai,Sinai,wikidata/admin1,450328.0,1250,0
454,454-Israel.txt,ISR,Israel,Israel,manual/2026,9400000.0,364,0
455,455-Jordan.txt,JOR,Jordan,Jordan,country-wpp2026,0.0,2171,1
456,456-Luxor.txt,EGY,Aswan,Luxor,wikidata/admin1,1473975.0,3389,0
457,457-Aswan.txt,EGY,Eastern Desert,Aswan,wikidata/admin1,1473975.0,2940,0
458,458-Tunisia.txt,TUN,Tunisia,Tunisia,wikidata/admin1,1056247.0,1613,1
459,459-Western Algeria.txt,ALG,Algiers,Western Algeria,wikidata/admin1,2988145.0,1491,1
460,460-Eastern Algeria.txt,ALG,Constantine,Eastern Algeria,wikidata/admin1,938475.0,1694,1
461,461-Northern Morocco.txt,MOR,Casablanca,Northern Morocco,wikidata/admin1,3218036.0,3642,1
462,462-Southern Morocco.txt,MOR,Marrakech,Southern Morocco,manual/2026,12000000.0,6175,0
463,463-Alaska.txt,USA,Alaska,Alaska,census/admin,733536.0,46260,1
464,464-Nova Scotia.txt,CAN,Nova Scotia,Nova Scotia,wikidata/admin1,969383.0,2214,1
465,465-New Brunswick.txt,CAN,New Brunswick,New Brunswick,wikidata/admin1,775610.0,2723,1
466,466-Quebec.txt,CAN,Nord du Quebec,Quebec,wikidata/admin1,8501833.0,39234,1
467,467-Manitoba.txt,CAN,Manitoba,Manitoba,wikidata/admin1,1342153.0,7025,0
468,468-Nunavut.txt,CAN,Saint Lawrence,Nunavut,wikidata/admin1,36858.0,4511,1
469,469-Saskatchewan.txt,CAN,Saskatchewan,Saskatchewan,wikidata/admin1,1132505.0,14915,0
470,470-Alberta.txt,CAN,Alberta,Alberta,wikidata/admin1,4262635.0,24947,0
471,471-Northwestern Canada.txt,CAN,Prince Rupert,Northwestern Canada,wikidata/admin1,5000879.0,23211,1
472,472-Northwest Territories.txt,CAN,N.W Territories,Northwest Territories,wikidata/admin1,41070.0,44529,0
473,473-British Columbia.txt,CAN,British Columbia,British Columbia,wikidata/admin1,5000879.0,15293,1
474,474-Yucatan.txt,MEX,Yucatan,Yucatan,wikidata/admin1,2320898.0,2971,1
475,475-Chiapas.txt,MEX,Chiapas,Chiapas,wikidata/admin1,5217908.0,2012,0
476,476-Oaxaca.txt,MEX,Oaxaca,Oaxaca,wikidata/admin1,3967889.0,2657,1
477,477-Veracruz.txt,MEX,Veracruz,Veracruz,wikidata/admin1,8112505.0,2039,1
478,478-Nayarit.txt,MEX,Jalisco,Nayarit,wikidata/admin1,7844830.0,3307,0
479,479-Tamaulipas.txt,MEX,Tamaulipas,Tamaulipas,wikidata/admin1,3441698.0,3587,0
480,480-Coahuila.txt,MEX,Coahuila,Coahuila,wikidata/admin1,2954915.0,5577,0
481,481-Sinaloa.txt,MEX,Durango,Sinaloa,wikidata/admin1,2966700.0,4617,1
482,482-Chihuahua.txt,MEX,Chihuahua,Chihuahua,wikidata/admin1,3556574.0,6129,0
483,483-Sonora.txt,MEX,Sonora,Sonora,wikidata/admin1,2850330.0,4687,1
484,484-Baja California.txt,MEX,Baja California,Baja California,wikidata/admin1,3315766.0,3609,1
485,485-Guerrero.txt,MEX,Guerrero,Guerrero,wikidata/admin1,3533251.0,2589,1
486,486-Meta.txt,COL,Meta,Meta,wikidata/admin1,1062454.0,12486,0
487,487-Amazinas.txt,BOL,Santa Cruz,Amazinas,wikidata/admin1,3122605.0,14852,0
488,488-Bolivar.txt,VEN,Bolivar,Bolivar,wikidata/admin1,2069064.0,9141,0
489,489-Monagas.txt,VEN,Zulia,Monagas,wikidata/admin1,905443.0,3191,1
490,490-Pastaza.txt,PRU,Pastaza,Pastaza,manual/2026,500000.0,3418,0
491,491-Loreto.txt,PRU,Loreto,Loreto,wikidata/admin1,1068905.0,5432,0
492,492-Piura.txt,PRU,Arequipa,Piura,wikidata/admin1,1814554.0,4819,1
493,493-La Libertad.txt,COL,La Libertad,La Libertad,manual/2026,12000000.0,5733,1
494,494-Ucayali.txt,PRU,Ucayali,Ucayali,wikidata/admin1,660256.0,6642,0
495,495-Amazonas.txt,BRA,Amazonas,Amazonas,census/admin,4300000.0,19856,0
496,496-Para.txt,BRA,Minas Gerais,Para,census/admin,21000000.0,13481,0
497,497-Maranhao.txt,BRA,Maranhão,Maranhao,census/admin,7000000.0,6137,0
498,498-Rio Grande.txt,BRA,Rio Grande do Norte,Rio Grande,census/admin,3600000.0,955,0
499,499-Bahia.txt,BRA,Bahia,Bahia,census/admin,14800000.0,12231,1
500,500-Rio de Janerio.txt,BRA,Rio de Janeiro,Rio de Janerio,census/admin,17400000.0,891,1
501,501-Saol Paulo.txt,BRA,São Paulo,Saol Paulo,census/admin,46000000.0,5130,1
502,502-Rio Grande Sul.txt,BRA,Rio Grande do Sul,Rio Grande Sul,census/admin,11200000.0,6371,1
503,503-Santa Catarina.txt,BRA,Santa Catarina,Santa Catarina,census/admin,8000000.0,1894,0
504,504-Iguacu.txt,BRA,Punta Porá,Iguacu,census/admin,2000000.0,3484,0
505,505-Goias.txt,BRA,Goiás,Goias,census/admin,7200000.0,9207,0
506,506-Northern Chile.txt,CHL,Antofagasta,Northern Chile,wikidata/admin1,635416.0,2777,1
507,507-Southern Chile.txt,CHL,Magallanes,Southern Chile,manual/2026,180000.0,1533,1
508,508-Argentine Northwest.txt,ARG,Tucumán,Argentine Northwest,wikidata/admin1,1731820.0,1943,0
509,509-Gran Chaco.txt,ARG,Chaco Austral,Gran Chaco,wikidata/admin1,1129606.0,7145,0
510,510-Mesopotamia.txt,ARG,Región Mesopotámica,Mesopotamia,manual/2026,3600000.0,4883,0
511,511-Cuyo.txt,ARG,Mendoza,Cuyo,wikidata/admin1,2043540.0,3810,0
512,512-Patagonia.txt,ARG,Río Negro,Patagonia,wikidata/admin1,750768.0,7674,0
513,513-Southern Algeria.txt,ALG,Tlemcen,Southern Algeria,wikidata/admin1,949135.0,6697,0
514,514-North Africa.txt,ALG,Algerian Desert,North Africa,manual/2026,1200000.0,47171,0
515,515-Central Africa.txt,NGR,Southern Sahara,Central Africa,manual/2026,3000000.0,23154,0
516,516-Northern Siberia.txt,SOV,Dudinka,Northern Siberia,wikidata/admin1,2837988.0,63426,0
517,517-Victoria.txt,AST,Victoria,Victoria,wikidata/admin1,7074468.0,4463,1
518,518-Tasmania.txt,AST,Tasmania,Tasmania,wikidata/admin1,539590.0,980,1
519,519-South Australia.txt,AST,South Australia,South Australia,wikidata/admin1,1891700.0,9298,1
520,520-Northern Territory.txt,AST,Northern Territory,Northern Territory,wikidata/admin1,262200.0,8361,1
521,521-Queensland.txt,AST,Queensland,Queensland,wikidata/admin1,5618800.0,10227,1
522,522-Western Australia.txt,AST,Western Australia,Western Australia,wikidata/admin1,3008700.0,11425,1
523,523-New Guinea.txt,PNG,Papua,New Guinea,manual/2026,1200000.0,2707,1
524,524-Taiwan.txt,FOR,Taiwan,Taiwan,country-wpp2026,0.0,862,1
525,525-South Korea.txt,KOR,Gyeonggi,South Korea,census/admin,25820968.0,410,0
526,526-Okinawa.txt,JAP,Okinawa,Okinawa,census/admin,1460000.0,591,1
527,527-North Korea.txt,DPK,Pyongan-Hwanghae,North Korea,wikidata/admin1,2310485.0,1694,1
528,528-Nagasaki.txt,JAP,Kitakyūshū,Nagasaki,census/admin,13000000.0,611,1
529,529-Hiroshima.txt,JAP,San'yo,Hiroshima,census/admin,7000000.0,516,1
530,530-Tokushima.txt,JAP,Shikoku,Tokushima,census/admin,3700000.0,522,1
531,531-Osaka.txt,JAP,Kansai,Osaka,census/admin,22000000.0,960,1
532,532-Nagoya.txt,JAP,Tokai,Nagoya,census/admin,10000000.0,822,0
533,533-Akita.txt,JAP,Kita-Tohoku,Akita,census/admin,2400000.0,1253,1
534,534-Niigata.txt,JAP,Koshinetsu,Niigata,census/admin,2200000.0,725,0
535,535-Nagano.txt,JAP,Hokuriku,Nagano,census/admin,2000000.0,384,0
536,536-Hokkaido.txt,JAP,Hokkaido,Hokkaido,census/admin,5100000.0,2579,0
537,537-South Sakhalin.txt,SOV,South Sakhalin,South Sakhalin,wikidata/admin1,457590.0,1301,1
538,538-Cameroun.txt,COG,Coquilhatville,Cameroun,manual/2026,8000000.0,10303,0
539,539-Gabon.txt,GAB,Gabon,Gabon,country-wpp2026,0.0,5399,1
540,540-Angola.txt,ANG,Luanda,Angola,wikidata/admin1,8816297.0,9196,1
541,541-South West Africa.txt,NMB,Khomas,South West Africa,wikidata/admin1,342141.0,3908,0
542,542-Bechuana Land.txt,BOT,Bechuanaland,Bechuana Land,country-wpp2026,0.0,13154,0
543,543-Madagascar.txt,MAD,Madagascar,Madagascar,country-wpp2026,0.0,13202,1
544,544-East Africa.txt,MZB,Lourenço Marques,East Africa,manual/2026,8000000.0,4048,1
545,545-Rhodessa.txt,ZIM,Rhodesia,Rhodessa,country-wpp2026,0.0,8622,0
546,546-Tanganyika.txt,TZN,Tanganyika,Tanganyika,wikidata/admin1,2615597.0,18156,1
547,547-East Africa.txt,KEN,Nairobi,East Africa,wikidata/admin1,5545000.0,3173,0
548,548-Uganda.txt,UGA,Uganda,Uganda,country-wpp2026,0.0,4366,0
549,549-Sudan.txt,SUD,Kurdufan,Sudan,manual/2026,8000000.0,9744,0
550,550-Eritrea.txt,ERI,Eritrea,Eritrea,country-wpp2026,0.0,2760,1
551,551-Khartoum.txt,SUD,Khartoum,Khartoum,wikidata/admin1,7993900.0,11037,0
552,552-Western Egypt.txt,EGY,Western Desert,Western Egypt,manual/2026,400000.0,11979,0
553,553-Lebanon.txt,LEB,Lebanon,Lebanon,wikidata/admin1,1520016.0,176,1
554,554-Syria.txt,SYR,Damascus,Syria,wikidata/admin1,1754000.0,733,0
555,555-Lagos.txt,SOV,Kuril Islands,Lagos,wikidata/admin1,457590.0,372,1
556,556-Mali.txt,MLI,Bamako,Mali,wikidata/admin1,4227569.0,3160,0
557,557-Mauritania.txt,MRT,Mauritania,Mauritania,manual/2026,4200000.0,5999,0
558,558-Nigeria.txt,NGA,Lagos,Nigeria,wikidata/admin1,11000598.0,3822,1
559,559-Somaliland.txt,SOM,Somalia,Somaliland,country-wpp2026,0.0,5151,1
560,560-TS 2.txt,SOV,Nikolayevsk,TS 2,wikidata/admin1,1273488.0,10408,0
561,561-TS 3.txt,SOV,Amur,TS 3,wikidata/admin1,750083.0,11647,0
562,562-TS 4.txt,SOV,Okhotsk,TS 4,wikidata/admin1,1273488.0,33881,0
563,563-TS 5.txt,SOV,Chita,TS 5,wikidata/admin1,984395.0,16954,0
564,564-TS 6.txt,SOV,Buryatia,TS 6,wikidata/admin1,971139.0,13985,0
565,565-TS 7.txt,SOV,Bodaybo,TS 7,wikidata/admin1,2322292.0,11240,0
566,566-TS 8.txt,SOV,Irkutsk,TS 8,wikidata/admin1,2322292.0,8065,0
567,567-TS 9.txt,SOV,Bratsk,TS 9,wikidata/admin1,2322292.0,13652,0
568,568-TS 10.txt,SOV,Krasnoyarsk,TS 10,wikidata/admin1,2837988.0,12560,0
569,569-TS 11.txt,SOV,Khakassia,TS 11,wikidata/admin1,525557.0,6764,0
570,570-TS 12.txt,SOV,Novosibirsk,TS 12,wikidata/admin1,2786540.0,8371,0
571,571-TS 13.txt,SOV,Omsk,TS 13,wikidata/admin1,1805806.0,6188,0
572,572-TS 14.txt,SOV,Chelyabinsk,TS 14,wikidata/admin1,3385124.0,5289,0
573,573-Ts 15.txt,SOV,Zlatoust,Ts 15,wikidata/admin1,3385124.0,2648,0
574,574-Siberia 1.txt,SOV,Yakutsk,Siberia 1,wikidata/admin1,1001664.0,42434,0
575,575-Siberia 2.txt,SOV,Kirensk,Siberia 2,wikidata/admin1,2322292.0,26888,0
576,576-Siberia 3.txt,SOV,Yeniseisk,Siberia 3,wikidata/admin1,2837988.0,37422,0
577,577-Siberia 4.txt,SOV,Surgut,Siberia 4,wikidata/admin1,1759356.0,18560,0
578,578-Siberia 5.txt,SOV,Tomsk,Siberia 5,wikidata/admin1,1039728.0,13868,0
579,579-Siberia 6.txt,SOV,Salekhard,Siberia 6,wikidata/admin1,515960.0,25532,0
580,580-Siberia 7.txt,SOV,Tobolsk,Siberia 7,wikidata/admin1,3890800.0,18536,0
581,581-Northern Urals.txt,SOV,Northern Urals,Northern Urals,wikidata/admin1,4221452.0,6200,0
582,582-Sourthern Urals.txt,SOV,Magnitogorsk,Sourthern Urals,wikidata/admin1,3385124.0,5223,0
583,583-Kazakhstan.txt,KAZ,Kostanay,Kazakhstan,wikidata/admin1,1341292.0,9784,0
584,584-Turkmenistan.txt,TMS,Ashkhabad,Turkmenistan,manual/2026,5500000.0,11178,0
585,585-Uzbekistan.txt,UZB,Navoi,Uzbekistan,wikidata/admin1,767500.0,3433,0
586,586-Kyrgyzstan.txt,KAZ,Alma-Ata,Kyrgyzstan,wikidata/admin1,4375251.0,4786,0
587,587-Western Kazakstan.txt,KAZ,Ust Urt,Western Kazakstan,wikidata/admin1,735008.0,6048,0
588,588-Some Mountains.txt,KAZ,Semipalatinsk,Some Mountains,wikidata/admin1,1951392.0,10266,0
589,589-Eastern Kazakhstan.txt,KAZ,Ayaguz,Eastern Kazakhstan,wikidata/admin1,1341292.0,9048,0
590,590-Northern Kazakhstan.txt,KAZ,Akmolinsk,Northern Kazakhstan,wikidata/admin1,1341292.0,12791,0
591,591-Hainan.txt,CHI,Hainan,Hainan,census/admin,10430000.0,760,1
592,592-Guangzhou.txt,CHI,Guangzhou,Guangzhou,census/admin,127133000.0,1227,1
593,593-Guangdong.txt,CHI,Guangdong,Guangdong,census/admin,127133000.0,2383,1
594,594-Nanning.txt,CHI,Nanning,Nanning,census/admin,50127000.0,2548,0
595,595-Fujian.txt,CHI,Fujian,Fujian,census/admin,41870000.0,2632,1
596,596-Zhejiang.txt,CHI,Zhejiang,Zhejiang,census/admin,66270000.0,2409,1
597,597-Shandong.txt,CHI,Shandong,Shandong,census/admin,101232800.0,1457,1
598,598-Jiansu.txt,CHI,Jiangsu,Jiansu,census/admin,85260000.0,1922,1
599,599-Guanxi.txt,CHI,Guangxi,Guanxi,census/admin,50127000.0,2277,0
600,600-Jiangxi.txt,CHI,Jiangxi,Jiangxi,census/admin,45150000.0,4182,0
601,601-China 1.txt,CHI,Chamdo,China 1,census/admin,3650000.0,6269,0
602,602-China 2.txt,CHI,Hunan,China 2,census/admin,65683000.0,4188,0
603,603-China 3.txt,CHI,Guizhou,China 3,census/admin,38560000.0,3219,0
604,604-China 4.txt,CHI,Qinghai,China 4,census/admin,5940000.0,7585,0
605,605-China 5.txt,CHI,Sichuan,China 5,census/admin,83680000.0,3141,0
606,606-China 6.txt,CHI,Anhui,China 6,census/admin,61210000.0,2756,0
607,607-China 7.txt,CHI,Henan,China 7,census/admin,98150000.0,4660,0
608,608-Beijing.txt,CHI,Beiping,Beijing,census/admin,21840000.0,1006,1
609,609-China 8.txt,CHI,East Hebei,China 8,census/admin,73930000.0,972,1
610,610-China 9.txt,CHI,Jehol,China 9,census/admin,24000000.0,4608,0
611,611-China 10.txt,CHI,Chahar,China 10,census/admin,24000000.0,2299,0
612,612-China 11.txt,CHI,Xilingol,China 11,census/admin,24000000.0,4905,0
613,613-China 12.txt,CHI,Shanghai,China 12,census/admin,24870000.0,267,1
614,614-China 13.txt,CHI,Hebei,China 13,census/admin,73930000.0,2000,0
615,615-Shanxi.txt,CHI,Shanxi,Shanxi,census/admin,34660000.0,4294,0
616,616-China 14.txt,CHI,Ningxia,China 14,census/admin,7290000.0,3712,0
617,617-Xinjiang.txt,CHI,Urumqi,Xinjiang,census/admin,25980000.0,9307,0
618,618-China 15.txt,CHI,Dzungaria,China 15,census/admin,25980000.0,9892,0
619,619-China 16.txt,CHI,Yarkand,China 16,census/admin,25980000.0,4023,0
620,620-China 17.txt,CHI,Hubei,China 17,census/admin,58300000.0,2710,0
621,621-China 18.txt,CHI,Suiyuan,China 18,census/admin,24000000.0,3713,0
622,622-China 19.txt,CHI,Shaanbei,China 19,census/admin,39520000.0,1160,0
623,623-Luzon.txt,PHI,Luzon,Luzon,wikidata/admin1,12989074.0,913,1
624,624-Central islands.txt,PHI,Central Islands,Central islands,manual/2026,20000000.0,534,0
625,625-Samar.txt,PHI,Eastern Visayas,Samar,wikidata/admin1,4625929.0,431,0
626,626-Palawan.txt,PHI,Palawan,Palawan,wikidata/admin1,968795.0,297,1
627,627-Mindanao.txt,PHI,Davao,Mindanao,wikidata/admin1,5389422.0,821,1
628,628-Cebu.txt,PHI,Western Visayas,Cebu,wikidata/admin1,4861911.0,754,1
629,629-Hawaii.txt,USA,Hawaii,Hawaii,census/admin,1434697.0,626,1
630,630-Johnston Atoll.txt,USA,Johnston Atoll,Johnston Atoll,manual/2026,200.0,69,1
631,631-Midway Island.txt,USA,Midway Island,Midway Island,manual/2026,40.0,78,1
632,632-Wake Island.txt,USA,Wake Island,Wake Island,wikidata/admin1,100.0,88,1
633,633-Marshall Islands.txt,MHL,Marshall Islands,Marshall Islands,country-wpp2026,0.0,597,1
634,634-Solomon Islands.txt,SOL,Solomon Islands,Solomon Islands,manual/2026,720000.0,1092,1
635,635-New Caledonia.txt,FRA,New Caledonia,New Caledonia,wikidata/admin1,278500.0,430,1
636,636-Fiji.txt,FIJ,Fiji,Fiji,country-wpp2026,0.0,390,1
637,637-State 1.txt,SOV,Kamchatka,State 1,wikidata/admin1,288947.0,22145,1
638,638-Guam.txt,USA,Guam,Guam,census/admin,170185.0,84,1
639,639-Maiana.txt,KIR,Gilbert Islands,Maiana,wikidata/admin1,108145.0,249,1
640,640-Mandalay.txt,BRM,Mandalay,Mandalay,wikidata/admin1,6283663.0,1173,0
641,641-Tahiti.txt,FRA,Tahiti,Tahiti,wikidata/admin1,278786.0,148,1
642,642-Phoenix Island.txt,KIR,Phoenix Island,Phoenix Island,wikidata/admin1,41.0,79,1
643,643-Fongafale.txt,TUV,Ellice Islands,Fongafale,country-wpp2026,0.0,256,1
644,644-state 3.txt,SOV,Kolyma,state 3,wikidata/admin1,133387.0,70659,0
645,645-Iwo Jima.txt,JAP,Iwo Jima,Iwo Jima,manual/2026,2500.0,371,1
646,646-Saipan.txt,USA,Saipan,Saipan,census/admin,42914.0,149,1
647,647-Palau.txt,PLU,Palau,Palau,country-wpp2026,0.0,184,1
648,648-Marcus Island.txt,JAP,Marcus Island,Marcus Island,manual/2026,200.0,89,1
649,649-Galapagos Islands.txt,ECU,Galapagos Islands,Galapagos Islands,wikidata/admin1,28583.0,195,1
650,650-Attu Island.txt,USA,Attu Island,Attu Island,manual/2026,20.0,127,1
651,651-Sov state 5.txt,SOV,Ufa,Sov state 5,wikidata/admin1,4042377.0,4541,0
652,652-Sov state 6.txt,SOV,Orenburg,Sov state 6,wikidata/admin1,1828655.0,3755,0
653,653-Sov state 7.txt,SOV,Sverdlovsk,Sov state 7,wikidata/admin1,4221452.0,8668,0
654,654-sov state 8.txt,SOV,Oyrot Region,sov state 8,wikidata/admin1,210095.0,3999,0
655,655-North Sakhalin.txt,SOV,North Sakhalin,North Sakhalin,wikidata/admin1,457590.0,1792,0
656,656-Kuwait.txt,KUW,Kuwait,Kuwait,country-wpp2026,0.0,368,1
657,657-Border state.txt,SOV,Birobidzhan,Border state,wikidata/admin1,144428.0,10288,0
658,658-Arab UK 1.txt,UAE,Abu Dhabi,Arab UK 1,wikidata/admin1,2908173.0,1691,1
659,659-Arabian UK 2.txt,STC,Hadhramaut,Arabian UK 2,manual/2026,2000000.0,5603,0
660,660-Equatorial Africa.txt,CAR,Equatorial Africa,Equatorial Africa,country-wpp2026,0.0,12280,0
661,661-Tripolitania.txt,LBA,Tripolitania,Tripolitania,manual/2026,1800000.0,2656,0
662,662-Sirte.txt,LNA,Sirte,Sirte,manual/2026,120000.0,1376,0
663,663-Cyrenaica.txt,LNA,Cyrenaica,Cyrenaica,manual/2026,1200000.0,1791,0
664,664-Southern Slovakia.txt,SLO,Southern Slovakia,Southern Slovakia,wikidata/admin1,661995.0,475,0
665,665-Gabes.txt,TUN,Gabès,Gabes,wikidata/admin1,374300.0,2458,0
666,666-Norrnorrland.txt,SWE,Norrbotten,Norrnorrland,wikidata/admin1,249265.0,7099,1
667,667-West Nusa Tenggara.txt,INS,West Nusa Tenggara,West Nusa Tenggara,wikidata/admin1,5646000.0,675,1
668,668-The Moluccas.txt,INS,The Moluccas,The Moluccas,wikidata/admin1,3301200.0,1274,1
669,669-Dutch New Guinea.txt,INS,Dutch New Guinea,Dutch New Guinea,wikidata/admin1,7760095.0,5329,1
670,670-Laos.txt,LAO,Laos,Laos,manual/2026,4800000.0,3855,0
671,671-Annam.txt,VIN,Tonkin,Annam,manual/2026,38000000.0,2493,1
672,672-South Sumatra.txt,INS,South Sumatra,South Sumatra,wikidata/admin1,10675862.0,2607,1
673,673-Sulawesi.txt,INS,Sulawesi,Sulawesi,wikidata/admin1,9463400.0,1896,1
674,674-Central Australia.txt,AST,Central Australia,Central Australia,wikidata/admin1,1891700.0,20178,0
675,675-Al Hajara.txt,IRQ,Al Hajara,Al Hajara,manual/2026,1800000.0,1745,0
676,676-Mosul.txt,IRQ,Mosul,Mosul,manual/2026,4000000.0,2176,0
677,677-Aleppo.txt,SYR,Aleppo,Aleppo,wikidata/admin1,4868000.0,1268,1
678,678-Rub al Khali.txt,SAU,Rub al Khali,Rub al Khali,wikidata/admin1,6777146.0,7306,0
679,679-Hejaz.txt,SAU,Madinah,Hejaz,wikidata/admin1,2132679.0,4116,0
680,680-Deir-az-Zur.txt,SYR,Deir ez-Zor,Deir-az-Zur,wikidata/admin1,1239000.0,1050,0
681,681-Soviet Lakes.txt,SAF,Cape,Soviet Lakes,manual/2026,16000000.0,13240,1
682,682-Northern Ontario.txt,CAN,Northern Ontario,Northern Ontario,wikidata/admin1,14223942.0,19402,0
683,683-Northeastern Canada.txt,CAN,Nunavut,Northeastern Canada,wikidata/admin1,36858.0,12106,0
684,684-Caroline Islands.txt,FSM,Caroline Islands,Caroline Islands,country-wpp2026,0.0,712,1
685,685-Panama Canal.txt,PAN,Panamá Canal,Panama Canal,wikidata/admin1,1713070.0,96,1
686,686-Puerto Rico.txt,USA,Puerto Rico,Puerto Rico,census/admin,3205691.0,209,1
687,687-British Guyana.txt,GYA,British Guyana,British Guyana,country-wpp2026,0.0,4362,1
688,688-Chaco Boreal.txt,PAR,Chaco Boreal,Chaco Boreal,manual/2026,80000.0,5577,0
689,689-Jamaica.txt,JAM,Jamaica,Jamaica,country-wpp2026,0.0,266,1
690,690-Bahama Islands.txt,BAH,Northern Bahamas,Bahama Islands,country-wpp2026,0.0,263,1
691,691-Trinidad.txt,TRI,Trinidad,Trinidad,country-wpp2026,0.0,143,1
692,692-Windward Islands.txt,BRB,Barbados,Windward Islands,country-wpp2026,0.0,42,1
693,693-Southern Bahamas.txt,ENG,Turks and Caicos,Southern Bahamas,manual/2026,46000.0,136,1
694,694-French Caribbean.txt,FRA,Guadeloupe,French Caribbean,wikidata/admin1,384160.0,71,1
695,695-Curacao.txt,HOL,Curaçao,Curacao,wikidata/admin1,152849.0,116,1
696,696-Bermuda.txt,ENG,Bermuda,Bermuda,census/admin,64000.0,93,1
697,697-Madeira.txt,POR,Madeira,Madeira,wikidata/admin1,250769.0,51,1
698,698-Azores.txt,POR,Azores,Azores,wikidata/admin1,236440.0,112,1
699,699-Rio de Oro.txt,MOR,Western Sahara,Rio de Oro,manual/2026,400000.0,2714,1
700,700-Sierra Leone.txt,SIE,Sierra Leone,Sierra Leone,country-wpp2026,0.0,1638,1
701,701-Gambia.txt,GAM,Gambia,Gambia,country-wpp2026,0.0,249,1
702,702-Cape Verde.txt,CBV,Cape Verde,Cape Verde,country-wpp2026,0.0,88,1
703,703-Ascension.txt,ENG,Ascension,Ascension,manual/2026,800.0,49,1
704,704-Saint Helena.txt,ENG,Saint Helena,Saint Helena,manual/2026,4400.0,121,1
705,705-Sao Tome.txt,STP,Sao Tome,Sao Tome,country-wpp2026,0.0,22,1
706,706-Reunion.txt,FRA,Reunion,Reunion,wikidata/admin1,889679.0,72,1
707,707-Mauritius.txt,MAU,Mauritius,Mauritius,country-wpp2026,0.0,74,1
708,708-Comoro Islands.txt,COM,Comoro Islands,Comoro Islands,country-wpp2026,0.0,102,1
709,709-Seychelles.txt,SEY,Seychelles,Seychelles,country-wpp2026,0.0,178,1
710,710-Diego Garcia.txt,ENG,Diego Garcia,Diego Garcia,manual/2026,4000.0,96,1
711,711-Christmas Island.txt,AST,Christmas Island,Christmas Island,manual/2026,1700.0,70,1
712,712-Cocos Islands.txt,AST,Cocos Islands,Cocos Islands,manual/2026,600.0,116,1
713,713-Kerguelen.txt,FRA,Kerguelen,Kerguelen,wikidata/admin1,196.0,206,1
714,714-Heilungkiang.txt,CHI,Heilungkiang,Heilungkiang,census/admin,30499000.0,14520,0
715,715-Liaoning.txt,CHI,Liaobei,Liaoning,census/admin,41820000.0,5453,0
716,716-Liaotung.txt,CHI,Liaoning,Liaotung,census/admin,41820000.0,2583,1
717,717-Chuho.txt,CHI,Sungkiang,Chuho,census/admin,30499000.0,4977,0
718,718-Stanleyville.txt,COG,Stanleyville,Stanleyville,wikidata/admin1,7221900.0,8397,0
719,719-Natal.txt,SAF,Natal,Natal,wikidata/admin1,12423907.0,6093,1
720,720-South Georgia.txt,ENG,South Georgia,South Georgia,manual/2026,20.0,372,1
721,721-Portuguese Timor.txt,TML,East Timor,Portuguese Timor,country-wpp2026,0.0,365,1
722,722-Petsamo.txt,SOV,Petsamo,Petsamo,wikidata/admin1,656438.0,1117,1
723,723-Southern Island.txt,NZL,Canterbury,Southern Island,wikidata/admin1,698200.0,1788,1
724,724-Southern Siam.txt,SIA,Southern Siam,Southern Siam,manual/2026,9400000.0,1426,1
725,725-Nauru.txt,NAU,Nauru,Nauru,country-wpp2026,0.0,65,1
726,726-Samoa.txt,SAM,Samoa,Samoa,country-wpp2026,0.0,130,1
727,727-Line Islands.txt,KIR,Line Islands,Line Islands,wikidata/admin1,11252.0,189,1
728,728-Guangzhouwan.txt,CHI,Guangzhouwan,Guangzhouwan,census/admin,500000.0,40,1
729,729-Macau.txt,CHI,Macau,Macau,census/admin,723188.0,59,1
730,730-St Pierre and Miquelon .txt,FRA,St Pierre and Miquelon,St Pierre and Miquelon,wikidata/admin1,5974.0,30,1
731,731-Central Macedonia.txt,GRE,Central Macedonia,Central Macedonia,wikidata/admin1,1795669.0,717,1
732,732-Pamir.txt,KYR,Pamir,Pamir,country-wpp2026,0.0,6806,0
733,733-Andaman.txt,RAJ,Andaman,Andaman,census/admin,400000.0,169,1
734,734-Nendo.txt,SOL,Santa Cruz Islands,Nendo,manual/2026,20000.0,84,1
735,735-Savoy.txt,FRA,Savoy,Savoy,wikidata/admin1,1309384.0,728,1
736,736-Litorale.txt,SLV,Slovenian Littoral,Litorale,manual/2026,330000.0,164,1
737,737-New Britain.txt,PNG,Bismarck,New Britain,manual/2026,500000.0,1021,1
738,738-Aru Islands.txt,INS,Aru Islands,Aru Islands,wikidata/admin1,1945600.0,283,1
739,739-Haida Gwaii.txt,CAN,Haida Gwaii,Haida Gwaii,wikidata/admin1,5000879.0,424,1
740,740-Vancouver Island.txt,CAN,Vancouver Island,Vancouver Island,wikidata/admin1,5000879.0,1328,0
741,741-Cambodia.txt,CAM,Cambodia,Cambodia,manual/2026,16000000.0,2974,1
742,742-Stalinabad.txt,TAJ,Stalinabad,Stalinabad,country-wpp2026,0.0,3815,0
743,743-Qingdao.txt,CHI,Qingdao,Qingdao,census/admin,101232800.0,63,1
744,744-Xian.txt,CHI,Xian,Xian,census/admin,39520000.0,2407,0
745,745-Dalian.txt,CHI,Dalian,Dalian,census/admin,41820000.0,117,1
746,746-Ordos.txt,CHI,Ordos,Ordos,census/admin,24000000.0,2751,0
747,747-Dali Bai.txt,CHI,Dali,Dali Bai,census/admin,46730000.0,3946,0
748,748-Zunyi.txt,CHI,Zunyi,Zunyi,census/admin,38560000.0,1294,0
749,749-Huangshan.txt,CHI,Huangshan,Huangshan,census/admin,61210000.0,1258,0
750,750-Changde.txt,CHI,Changde,Changde,census/admin,65683000.0,1951,0
751,751-Liangshan.txt,CHI,Liangshan,Liangshan,census/admin,83680000.0,1779,0
752,752-Chamdo.txt,CHI,Ganzi,Chamdo,census/admin,3650000.0,4640,0
753,753-Gannan.txt,CHI,Gannan,Gannan,census/admin,24650000.0,2690,0
754,754-Golog.txt,CHI,Golog,Golog,census/admin,5940000.0,4486,0
755,755-Haixi.txt,CHI,Haixi,Haixi,census/admin,5940000.0,7591,0
756,756-Jiuquan.txt,CHI,Jiuquan,Jiuquan,census/admin,24650000.0,4450,0
757,757-Shigatse.txt,CHI,Shigatse,Shigatse,census/admin,3650000.0,5481,0
758,758-Ngari.txt,CHI,Ngari,Ngari,census/admin,3650000.0,6953,0
759,759-Kunlun.txt,CHI,Kunlun Shan,Kunlun,census/admin,25980000.0,3973,0
760,760-Dabancheng.txt,CHI,Dabancheng,Dabancheng,census/admin,25980000.0,5960,0
761,761-Hulunbuir.txt,CHI,Hulunbuir,Hulunbuir,census/admin,24000000.0,7931,0
762,762-Katowice.txt,POL,Katowice,Katowice,wikidata/admin1,4617000.0,132,0
763,763-Konigsberg.txt,SOV,Königsberg,Konigsberg,wikidata/admin1,994599.0,697,1
764,764-West Banat.txt,SER,West Banat,West Banat,wikidata/admin1,293730.0,310,0
765,765-Qatar.txt,QAT,Qatar,Qatar,country-wpp2026,0.0,300,1
766,766-Southern Bessarabia.txt,UKR,Southern Bessarabia,Southern Bessarabia,wikidata/admin1,2351392.0,493,1
767,767-North Darfur.txt,RSF,North Darfur,North Darfur,manual/2026,2300000.0,8598,0
768,768-Rwanda.txt,RWA,Rwanda,Rwanda,country-wpp2026,0.0,479,0
769,769-Burundi.txt,BRD,Burundi,Burundi,country-wpp2026,0.0,577,0
770,770-Malawi.txt,MLW,Malawi,Malawi,country-wpp2026,0.0,1941,0
771,771-Zambia.txt,ZAM,Zambia,Zambia,manual/2026,18000000.0,8075,0
772,772-Middle Congo.txt,RCG,Middle Congo,Middle Congo,country-wpp2026,0.0,7155,1
773,773-Cameroon.txt,CMR,Cameroon,Cameroon,country-wpp2026,0.0,9246,1
774,774-Chad.txt,CHA,Chad,Chad,manual/2026,14000000.0,11935,0
775,775-B.E.T..txt,CHA,B.E.T.,B.E.T.,manual/2026,500000.0,11713,0
776,776-Dahomey.txt,DAH,Dahomey,Dahomey,country-wpp2026,0.0,2201,1
777,777-Togo.txt,TOG,Togo,Togo,country-wpp2026,0.0,1186,1
778,778-Upper Volta.txt,VOL,Upper Volta,Upper Volta,country-wpp2026,0.0,5727,0
779,779-Ivory Coast.txt,IVO,Ivory Coast,Ivory Coast,country-wpp2026,0.0,6568,1
780,780-Guinea.txt,GNA,Guinea,Guinea,country-wpp2026,0.0,5155,1
781,781-Niger.txt,NGR,Niger,Niger,manual/2026,22000000.0,2525,0
782,782-Tombouctou.txt,AZA,Kidal,Tombouctou,manual/2026,90000.0,13729,0
783,783-Sidi Ifni.txt,MOR,Sidi Ifni,Sidi Ifni,wikidata/admin1,104601.0,58,1
784,784-Ermland-Masuren.txt,LIT,Vilna,Ermland-Masuren,wikidata/admin1,851346.0,471,0
785,785-Picardy.txt,FRA,Picardy,Picardy,wikidata/admin1,1927142.0,631,0
786,786-Mauritanian Desert.txt,MRT,Mauritanian Desert,Mauritanian Desert,manual/2026,400000.0,16447,0
787,787-North Kashmir.txt,PAK,Gilgit-Baltistan,North Kashmir,wikidata/admin1,1155755.0,2160,0
788,788-Salamanca.txt,SPR,Salamanca,Salamanca,wikidata/admin1,327685.0,421,0
789,789-Cordoba.txt,SPR,Córdoba,Cordoba,wikidata/admin1,772152.0,852,0
790,790-Asturias.txt,SPR,Asturias,Asturias,wikidata/admin1,1008028.0,570,1
791,791-Valladolid.txt,SPR,Valladolid,Valladolid,wikidata/admin1,525398.0,815,0
792,792-Basque Country.txt,SPR,País Vasco,Basque Country,wikidata/admin1,2230452.0,266,1
793,793-Guadalajara.txt,SPR,Guadalajara,Guadalajara,wikidata/admin1,279860.0,1004,0
794,794-Eastern Aragon.txt,SPR,Eastern Aragón,Eastern Aragon,wikidata/admin1,1347834.0,820,0
795,795-Santarem.txt,POR,Santarém,Santarem,wikidata/admin1,57398.0,547,0
796,796-North Angola.txt,ANG,Cabinda,North Angola,wikidata/admin1,903370.0,215,1
797,797-Istanbul.txt,TUR,Istanbul,Istanbul,wikidata/admin1,15655924.0,168,1
798,798-Amasya.txt,TUR,Amasya,Amasya,wikidata/admin1,313693.0,832,0
799,799-Hatay.txt,TUR,Hatay,Hatay,wikidata/admin1,1501571.0,136,0
800,800-Van.txt,TUR,Van,Van,wikidata/admin1,994436.0,1074,0
801,801-Moesia.txt,BUL,Moesia,Moesia,manual/2026,1800000.0,641,0
802,802-Kosovo.txt,KOS,Kosovo,Kosovo,country-wpp2026,0.0,434,0
803,803-Southern Serbia.txt,SER,Southern Serbia,Southern Serbia,manual/2026,1100000.0,233,0
804,804-Herzegovina.txt,BOS,Herzegovina,Herzegovina,wikidata/admin1,2219220.0,307,0
805,805-Northern Epirus.txt,ALB,Northern Epirus,Northern Epirus,manual/2026,55000.0,168,0
806,806-French Basque Country.txt,FRA,Pyrénées-Atlantiques,French Basque Country,wikidata/admin1,706564.0,264,0
807,807-Gdynia.txt,POL,Gdynia,Gdynia,wikidata/admin1,2300000.0,859,1
808,808-Riga.txt,LAT,Rīga,Riga,wikidata/admin1,588911.0,363,1
809,809-Latgale.txt,LAT,Zemgale,Latgale,manual/2026,320000.0,706,0
810,810-Zemgale.txt,LAT,Latgale,Zemgale,manual/2026,260000.0,1112,0
811,811-Saaremaa.txt,EST,Saaremaa,Saaremaa,wikidata/admin1,32021.0,256,0
812,812-Tallinn.txt,EST,Harju,Tallinn,wikidata/admin1,646315.0,433,1
813,813-Rakvere.txt,EST,Virumaa,Rakvere,manual/2026,130000.0,618,1
814,814-Suduva.txt,LIT,Sūduva,Suduva,wikidata/admin1,135891.0,376,0
815,815-Aukstaitija.txt,LIT,Aukštaitija,Aukstaitija,wikidata/admin1,472481.0,921,0
816,816-West Virginia.txt,USA,West Virginia,West Virginia,census/admin,1766107.0,1813,0
817,817-Gobi.txt,MON,Gobi,Gobi,manual/2026,200000.0,22508,0
818,818-Khovd.txt,MON,Khovd,Khovd,wikidata/admin1,86000.0,8940,0
819,819-Dornod.txt,MON,Dornod,Dornod,wikidata/admin1,76476.0,9829,0
820,820-Khovsgol.txt,MON,Khövsgöl,Khovsgol,wikidata/admin1,128159.0,5604,0
821,821 - Chenchnya-Ingushetia.txt,SOV,Chechnya-Ingushetia,Chenchnya-Ingushetia,wikidata/admin1,527200.0,703,0
822,822 - Chukotka.txt,SOV,Chukotka,Chukotka,wikidata/admin1,47778.0,54000,0
823,823 - Karakalpakstan.txt,UZB,Karakalpakstan,Karakalpakstan,wikidata/admin1,2149932.0,5022,0
824,824 - Yamalia.txt,SOV,Yamalia,Yamalia,wikidata/admin1,515960.0,28112,0
825,825 - Nenetsia.txt,SOV,Nenets,Nenetsia,wikidata/admin1,515960.0,21351,1
826,826 - Abkhazia.txt,ABK,Abkhazia,Abkhazia,country-wpp2026,0.0,382,0
827,827 - Kabardino-Balkaria.txt,SOV,Kabardino-Balkaria,Kabardino-Balkaria,wikidata/admin1,905464.0,490,0
828,828 - North Ossetia.txt,SOV,North Ossetia,North Ossetia,wikidata/admin1,678879.0,347,0
829,829 - Volga Germany.txt,SOV,Engels-Marxstadt,Volga Germany,wikidata/admin1,2369405.0,1247,0
830,830 - Bukhara.txt,UZB,Bukhara,Bukhara,wikidata/admin1,1543900.0,3344,0
831,831 - Khiva.txt,UZB,Khiva,Khiva,manual/2026,1900000.0,1816,0
832,832 - Dashhowuz.txt,TMS,Tashauz,Dashhowuz,manual/2026,1500000.0,2389,0
833,833 - Mari El.txt,SOV,Mari El,Mari El,wikidata/admin1,669854.0,1705,0
834,834 - Balta.txt,PMR,Transnistria,Balta,country-wpp2026,0.0,96,0
835,835-Haraghe.txt,ETH,Hararghe,Haraghe,manual/2026,7000000.0,5108,0
836,836-Bale.txt,ETH,Bale,Bale,manual/2026,2200000.0,2453,0
837,837-Sidamo.txt,ETH,Sidamo,Sidamo,manual/2026,8000000.0,3139,0
838,838-Illubabor.txt,ETH,Illubabor-Kaffa,Illubabor,manual/2026,3500000.0,1803,0
839,839-Welega.txt,ETH,Welega,Welega,manual/2026,4000000.0,1758,0
840,840-Gojjam.txt,ETH,Gojjam,Gojjam,manual/2026,5500000.0,1397,0
841,841-Begemder.txt,ETH,Begemder,Begemder,manual/2026,5000000.0,1636,0
842,842-Tigray.txt,ETH,Tigray,Tigray,wikidata/admin1,4960003.0,1049,0
843,843-Wello.txt,ETH,Wello,Wello,manual/2026,4000000.0,956,0
844,844-jubaland.txt,JUB,Jubaland,jubaland,country-wpp2026,0.0,629,1
845,845-Jura Mountains.txt,SWI,Jura Mountains,Jura Mountains,wikidata/admin1,252839.0,253,0
846,846-Ticino.txt,SWI,Ticino,Ticino,wikidata/admin1,358903.0,115,0
847,847-Western Swiss Alps.txt,SWI,Western Swiss Alps,Western Swiss Alps,wikidata/admin1,724747.0,274,0
848,848-Voralberg.txt,AUS,Vorarlberg,Voralberg,wikidata/admin1,411784.0,162,0
849,849-Puglia.txt,ITA,Puglia,Puglia,wikidata/admin1,3866174.0,630,1
850,850-Trentino.txt,ITA,Trentino,Trentino,wikidata/admin1,548684.0,171,0
851,851-Var.txt,FRA,Var,Var,wikidata/admin1,1119307.0,264,1
852,852-Istria.txt,CRO,Istria,Istria,wikidata/admin1,195237.0,142,1
853,853-Ljubljana.txt,SLV,Ljubljana,Ljubljana,wikidata/admin1,296228.0,156,0
854,854-Jawf.txt,SAU,Jawf,Jawf,wikidata/admin1,508475.0,4724,0
855,855-Tabuk.txt,SAU,Tabuk,Tabuk,wikidata/admin1,791535.0,4765,0
856,856-Asir-Makkah.txt,SAU,Asir-Makkah,Asir-Makkah,wikidata/admin1,9126881.0,4756,1
857,857-Ha'il.txt,SAU,Al-Qassim,Ha'il,wikidata/admin1,1215858.0,4683,0
858,858-Najiran.txt,SAU,Najiran,Najiran,wikidata/admin1,505652.0,4917,0
859,859-Dammam.txt,SAU,Dammam,Dammam,wikidata/admin1,4105780.0,2706,1
860,860-Cote-Nord.txt,CAN,Côte-Nord,Cote-Nord,wikidata/admin1,8501833.0,10197,0
861,861-Saguenay.txt,CAN,Saguenay,Saguenay,wikidata/admin1,8501833.0,6759,0
862,862-ouest du quebec.txt,CAN,Ouest du Quebec,ouest du quebec,wikidata/admin1,8501833.0,8406,0
863,863-Maurice.txt,CAN,Maurice,Maurice,wikidata/admin1,8501833.0,3107,0
864,864-Yukon.txt,CAN,Yukon Territory,Yukon,wikidata/admin1,40232.0,18709,0
865,865-Northern Saskatchewan.txt,CAN,N. Saskatchewan,Northern Saskatchewan,wikidata/admin1,1132505.0,13688,0
866,866-Districts of Ontario.txt,CAN,Districts of Ontario,Districts of Ontario,wikidata/admin1,14223942.0,17435,0
867,867-Northern Manitoba.txt,CAN,Northern Manitoba,Northern Manitoba,wikidata/admin1,1342153.0,22462,0
868,868-Isan.txt,SIA,Isan,Isan,manual/2026,22000000.0,3818,0
869,869-Lanna.txt,SIA,Lanna,Lanna,manual/2026,12000000.0,2013,0
870,870-North West Australia.txt,AST,North West Australia,North West Australia,wikidata/admin1,1891700.0,7752,0
871,871-South West Australia.txt,AST,South West Australia,South West Australia,wikidata/admin1,1891700.0,9284,0
872,872-North Queensland.txt,AST,North Queensland,North Queensland,wikidata/admin1,5618800.0,6902,0
873,873-South West Queensland.txt,AST,South West Queensland,South West Queensland,wikidata/admin1,5618800.0,5872,0
874,874-Magadan.txt,SOV,Magadan,Magadan,wikidata/admin1,133387.0,24210,0
875,875-Chukchi Peninsulay.txt,SOV,Chukchi Peninsula,Chukchi Peninsulay,wikidata/admin1,47778.0,1820,1
876,876-Udachny.txt,SOV,Udachny,Udachny,wikidata/admin1,1001664.0,40975,0
877,877-Verkhoyansk.txt,SOV,Verkhoyansk,Verkhoyansk,wikidata/admin1,1001664.0,45595,0
878,878-Khatangsky.txt,SOV,Khatangsky,Khatangsky,wikidata/admin1,2837988.0,40373,0
879,879-Kargopol.txt,SOV,Kargopol,Kargopol,wikidata/admin1,989434.0,3419,0
880,880-Kotlas.txt,SOV,Kotlas,Kotlas,wikidata/admin1,989434.0,6657,0
881,881-Karagandy.txt,KAZ,Karagandy,Karagandy,wikidata/admin1,1348468.0,12473,0
882,882-Pavlodar.txt,KAZ,Pavlodar,Pavlodar,wikidata/admin1,756755.0,4778,0
883,883-Kassala.txt,SUD,Kassala,Kassala,wikidata/admin1,2519100.0,4098,1
884,884-Upper Nile.txt,SSD,Upper Nile,Upper Nile,wikidata/admin1,1385478.0,2769,0
885,885-Bahr al Ghazal.txt,SSD,Bahr al Ghazal,Bahr al Ghazal,manual/2026,3500000.0,4839,0
886,886-Blue Nile.txt,SUD,Blue Nile,Blue Nile,wikidata/admin1,1108400.0,3891,0
887,887-South Darfur.txt,RSF,South Darfur,South Darfur,manual/2026,4000000.0,5837,0
888,888-Lusambo.txt,COG,Lusambo,Lusambo,wikidata/admin1,10911500.0,8407,0
889,889-Elisabethville.txt,COG,Elisabethville,Elisabethville,wikidata/admin1,8902100.0,7996,0
890,890-Costermansville.txt,COG,Kalemie,Costermansville,wikidata/admin1,3792200.0,4177,0
891,891-Zambesi.txt,ANG,Zambesi,Zambesi,manual/2026,2500000.0,8258,0
892,892-South West Angola.txt,ANG,South West Angola,South West Angola,manual/2026,2200000.0,7939,0
893,893-Karas.txt,NMB,Karas,Karas,wikidata/admin1,109893.0,5870,0
894,894-Kuneme.txt,NMB,Kunene,Kuneme,wikidata/admin1,86856.0,4901,0
895,895-Kavango.txt,NMB,Otjozondjupa,Kavango,wikidata/admin1,143903.0,4617,0
896,896-Manica e Sofala.txt,MZB,Manica e Sofala,Manica e Sofala,wikidata/admin1,2221803.0,4938,0
897,897-Zambezia-Mocambique.txt,MZB,Zambezia-Moçambique,Zambezia-Mocambique,wikidata/admin1,5110787.0,7928,1
898,898-Gao.txt,AZA,Gao,Gao,manual/2026,700000.0,5859,0
899,899-Kayes-Koulikoro.txt,MLI,Kayes-Koulikoro,Kayes-Koulikoro,manual/2026,8000000.0,5661,0
900,900-Benue.txt,NGA,Benue,Benue,wikidata/admin1,5741815.0,3885,0
901,901-Borno.txt,NGA,Borno,Borno,wikidata/admin1,5860183.0,3908,0
902,902-Sokoto.txt,NGA,Sokoto,Sokoto,wikidata/admin1,4998090.0,7129,0
903,903-Garissa.txt,KEN,Garissa,Garissa,wikidata/admin1,841353.0,2995,0
904,904-Nyanza-Rift Valley.txt,KEN,Nyanza-Rift Valley,Nyanza-Rift Valley,wikidata/admin1,10006805.0,2875,0
905,905-Mombasa.txt,KEN,Mombasa,Mombasa,wikidata/admin1,1208333.0,2673,1
906,906-Socotra.txt,STC,Socotra,Socotra,manual/2026,60000.0,87,1
907,907-Cairo.txt,EGY,Cairo,Cairo,wikidata/admin1,9539673.0,1676,0
908,908-Afar.txt,ETH,Afar,Afar,wikidata/admin1,1483900.0,1193,0
909,909-South Schleswig.txt,GER,Schleswig,South Schleswig,census/admin,3000000.0,294,0
910,910-Bornholm.txt,DEN,Bornholm,Bornholm,manual/2026,39600.0,29,1
911,911-Fyn.txt,DEN,Fyn,Fyn,wikidata/admin1,1223894.0,204,1
912,912-Sonderjylland.txt,DEN,Southern Jutland,Sonderjylland,wikidata/admin1,1223894.0,210,0
913,913-Ostergotland.txt,SWE,Östergötland,Ostergotland,wikidata/admin1,472211.0,963,1
914,914-JanMayen.txt,SWE,Jan Mayen,JanMayen,manual/2026,18.0,159,1
915,915-Bohuslan.txt,SWE,Bohuslän,Bohuslan,wikidata/admin1,1778822.0,224,0
916,916-Dalarna.txt,SWE,Dalarna,Dalarna,wikidata/admin1,286249.0,2162,0
917,917-Jamtland.txt,SWE,Jämtland,Jamtland,wikidata/admin1,132700.0,2781,0
918,918-Vasterbotten.txt,SWE,Västerbotten,Vasterbotten,wikidata/admin1,277714.0,5810,0
919,919-Varmland.txt,SWE,Värmland,Varmland,wikidata/admin1,282467.0,1257,0
920,920-Opplandene.txt,NOR,Opplandene,Opplandene,wikidata/admin1,189545.0,3175,0
921,921-Telemark.txt,NOR,Telemark,Telemark,wikidata/admin1,173318.0,1381,0
922,922-Agder.txt,NOR,Agder,Agder,wikidata/admin1,323930.0,999,1
923,923-Helgeland.txt,NOR,Helgeland,Helgeland,wikidata/admin1,243385.0,1565,0
924,924-Troms.txt,NOR,Troms,Troms,wikidata/admin1,167207.0,2386,1
925,925-Finnmark.txt,NOR,Finnmark,Finnmark,wikidata/admin1,75288.0,4900,1
926,926-Turku.txt,FIN,Turku,Turku,wikidata/admin1,738748.0,1124,1
927,927-Hame.txt,FIN,Häme,Hame,wikidata/admin1,922389.0,1188,0
928,928-Kyme.txt,FIN,Kymi,Kyme,wikidata/admin1,280436.0,654,0
929,929-Oulu.txt,FIN,Oulu,Oulu,wikidata/admin1,417939.0,4679,0
930,930-Mikkeli.txt,FIN,Mikkeli,Mikkeli,wikidata/admin1,401875.0,940,0
931,931-Cumbria.txt,ENG,Cumbria,Cumbria,census/admin,500000.0,405,0
932,932-Isle of Man.txt,ENG,Isle of Man,Isle of Man,census/admin,84000.0,29,1
933,933-Shetland.txt,ENG,Shetland Islands,Shetland,census/admin,23000.0,116,1
934,934-Shkoder.txt,ALB,Shkodër,Shkoder,wikidata/admin1,193009.0,310,0
935,935 - Ceara.txt,BRA,Ceará,Ceara,census/admin,9200000.0,2121,1
936,936 - Pernambuco.txt,BRA,Pernambuco,Pernambuco,census/admin,9500000.0,4800,1
937,937 - Piaui.txt,BRA,Piauí,Piaui,wikidata/admin1,3271199.0,5624,0
938,938 - Para.txt,BRA,Pará,Para,census/admin,8600000.0,11340,1
939,939 - Amapa.txt,BRA,Amapá,Amapa,wikidata/admin1,797722.0,2427,1
940,940 - Acre.txt,BRA,Acre,Acre,wikidata/admin1,881935.0,3361,0
941,941 - Tocantins.txt,BRA,Tocantins,Tocantins,manual/2026,1600000.0,7150,0
942,942 - Rondonia.txt,BRA,Guaporé,Rondonia,wikidata/admin1,1581196.0,4182,0
943,943 - Espirito Santo.txt,BRA,Espírito Santo,Espirito Santo,wikidata/admin1,4108508.0,1140,1
944,944 - Parana.txt,BRA,Paraná,Parana,census/admin,11800000.0,4895,0
945,945 - Cerro Largo.txt,URG,Cerro Largo,Cerro Largo,wikidata/admin1,91021.0,1351,0
946,946 - Paysandu.txt,URG,Paysandú,Paysandu,wikidata/admin1,121838.0,2178,0
947,947 - Tacna.txt,PRU,Tacna-Moquegua,Tacna,wikidata/admin1,406531.0,690,0
948,948 - Easter Island.txt,CHL,Easter Island,Easter Island,manual/2026,7800.0,278,1
949,949 - Aysen.txt,CHL,Aysén,Aysen,wikidata/admin1,103158.0,2013,0
950,950 - Araucania.txt,CHL,Araucanía,Araucania,wikidata/admin1,1010423.0,1785,1
951,951 - Arica.txt,CHL,Arica y Tarapacá,Arica,wikidata/admin1,369806.0,1465,0
952,952 - Atacama.txt,CHL,Atacama,Atacama,wikidata/admin1,299180.0,2022,1
953,953 - Tierra del Fuego.txt,ARG,Tierra del Fuego,Tierra del Fuego,wikidata/admin1,185732.0,397,1
954,954 - Santa Cruz.txt,ARG,Santa Cruz,Santa Cruz,wikidata/admin1,337226.0,4102,0
955,955 - Chubut.txt,ARG,Chubut,Chubut,wikidata/admin1,592621.0,4175,1
956,956 - Santa Fe.txt,ARG,Santa Fe,Santa Fe,wikidata/admin1,3544908.0,4769,0
957,957 - Formosa.txt,ARG,Formosa,Formosa,wikidata/admin1,607419.0,2589,0
958,958 - San Luis.txt,ARG,San Luis y La Pampa,San Luis,wikidata/admin1,542069.0,6298,0
959,959 - Los Andes.txt,ARG,Los Andes,Los Andes,manual/2026,2200000.0,2770,0
960,960 - San Juan.txt,ARG,San Juan y La Rioja,San Juan,wikidata/admin1,822853.0,3504,0
961,961-Deep Amazonas.txt,BRA,Amazon,Deep Amazonas,wikidata/admin1,4063614.0,1697,0
962,962-Deep Amazonas.txt,BRA,Amazon,Deep Amazonas,wikidata/admin1,4063614.0,465,0
963,963-Deep Amazonas.txt,BRA,Amazon,Deep Amazonas,wikidata/admin1,4063614.0,949,0
964,964-Deep Amazonas.txt,BRA,Amazon,Deep Amazonas,wikidata/admin1,4063614.0,7541,0
965,965-Deep Amazonas.txt,BRA,Amazon,Deep Amazonas,wikidata/admin1,4063614.0,5910,0
966,966-Deep Amazonas.txt,BRA,Amazon,Deep Amazonas,wikidata/admin1,4063614.0,5672,0
967,967-Deep Amazonas.txt,BRA,Amazon,Deep Amazonas,wikidata/admin1,4063614.0,2118,0
968,968-Deep Amazonas.txt,BRA,Amazon,Deep Amazonas,wikidata/admin1,4063614.0,7579,0
969,969-Rio Branco.txt,BRA,Rio Branco,Rio Branco,manual/2026,650000.0,1651,0
970,970 - Western Macedonia.txt,MAC,Debar,Western Macedonia,wikidata/admin1,15412.0,217,0
971,971 - Northern Dobruja.txt,ROM,Northern Dobruja,Northern Dobruja,wikidata/admin1,849352.0,522,1
972,972 - South Sudetenland.txt,CZE,South Sudetenland,South Sudetenland,wikidata/admin1,653227.0,320,0
973,973 - Bacs.txt,HUN,Bács-Kiskun,Bacs,wikidata/admin1,495318.0,342,0
974,974 - South Transdanubia.txt,HUN,South Transdanubia,South Transdanubia,wikidata/admin1,1116223.0,490,0
975,975 - Burgenland.txt,AUS,Burgenland,Burgenland,wikidata/admin1,301790.0,170,0
976,976 - Steiermark Karnten.txt,AUS,Steiermark-Kärnten,Steiermark Karnten,wikidata/admin1,1841811.0,789,0
977,977 - Antwerp.txt,BEL,Antwerp,Antwerp,wikidata/admin1,1921189.0,243,1
978,978 - Actual Baden.txt,GER,Baden,Actual Baden,census/admin,11300000.0,524,0
979,979 - Kaiser Wilhelms Land.txt,PNG,New Guinea,Kaiser Wilhelms Land,manual/2026,1200000.0,1805,1
980,980 - Ardennes.txt,BEL,Ardennes,Ardennes,wikidata/admin1,296008.0,386,0
981,981 - Barotseland.txt,ZAM,Barotseland,Barotseland,manual/2026,1100000.0,7640,0
982,982 - Madras States.txt,RAJ,Madras States,Madras States,census/admin,35000000.0,713,0
983,983 - Deccan States.txt,RAJ,Kolhapur and Deccan,Deccan States,census/admin,8000000.0,1896,0
984,984 - Bastar.txt,RAJ,Bastar,Bastar,census/admin,3000000.0,2006,0
985,985 - Sikkim.txt,RAJ,Sikkim,Sikkim,census/admin,700000.0,186,0
986,986 - East Punjab.txt,RAJ,East Punjab,East Punjab,census/admin,72000000.0,2771,0
987,987 - Waziristan.txt,PAK,Waziristan,Waziristan,wikidata/admin1,4452913.0,1727,0
988,988-Baluchistan.txt,PAK,North Baluchistan,Baluchistan,wikidata/admin1,13162222.0,2462,0
989,989-Bahawalpur.txt,PAK,Bahawalpur,Bahawalpur,wikidata/admin1,127688922.0,2589,0
990,990-Manipur.txt,RAJ,Manipur,Manipur,census/admin,3200000.0,1375,0
991,991-Gwalior.txt,RAJ,Gwalior,Gwalior,census/admin,15000000.0,1083,0
992,992-Province of Aden.txt,STC,Aden,Province of Aden,manual/2026,1000000.0,535,1
993,993-Kentung and Yawnghwe.txt,NUG,Kentung and Yawnghwe,Kentung and Yawnghwe,manual/2026,5800000.0,923,0
994,994-Tenasserim.txt,BRM,Tenasserim,Tenasserim,manual/2026,1400000.0,2096,0
995,995-Pegu.txt,BRM,Pegu,Pegu,manual/2026,4900000.0,859,1
996,996-Irrawaddy.txt,BRM,Irrawaddy,Irrawaddy,manual/2026,6200000.0,795,0
997,997-Arakan.txt,NUG,Arakan,Arakan,manual/2026,3200000.0,1416,1
998,998-Sagaing.txt,NUG,Sagaing,Sagaing,manual/2026,5300000.0,3838,0
999,999-Federated Shan States.txt,NUG,Federated Shan,Federated Shan States,manual/2026,5800000.0,2555,0
1000,1000-East Azerbaijan.txt,PER,East Azerbaijan,East Azerbaijan,wikidata/admin1,3909652.0,1307,0
1001,1001-Kurdistan.txt,PER,Kurdistan,Kurdistan,wikidata/admin1,1603011.0,1567,0
1002,1002-Yazd.txt,PER,Yazd,Yazd,wikidata/admin1,1138533.0,1812,0
1003,1003-South Khorasan.txt,PER,South Khorasan,South Khorasan,wikidata/admin1,768898.0,2903,0
1004,1004-North Khorasan.txt,PER,North Khorasan,North Khorasan,wikidata/admin1,867727.0,1259,0
1005,1005-Qataghan.txt,AFG,Qataghan,Qataghan,manual/2026,3800000.0,2020,0
1006,1006-Khyber Pass.txt,AFG,Nangarhar,Khyber Pass,wikidata/admin1,1735531.0,1079,0
1007,1007-Maymanah.txt,AFG,Maymanah,Maymanah,manual/2026,2400000.0,2128,0
1008,1008-Qandahar.txt,AFG,Qandahar,Qandahar,manual/2026,4200000.0,3369,0
1009,1009-Farah.txt,AFG,Farah,Farah,wikidata/admin1,563026.0,3276,0
1010,1010-Al Anbar.txt,IRQ,Al Anbar,Al Anbar,wikidata/admin1,1561400.0,2662,0
1011,1011-Al Basrah.txt,IRQ,Al Basrah,Al Basrah,wikidata/admin1,2405434.0,1603,1
1012,1012-Kalat.txt,PAK,Kalat,Kalat,wikidata/admin1,13162222.0,1837,0
1013,1013 -Musamdam.txt,OMA,Musandam,Musamdam,wikidata/admin1,49062.0,46,1
1014,1014 - Bahrain.txt,BHR,Bahrain,Bahrain,country-wpp2026,0.0,48,1
1015,1015 - Interior Oman.txt,OMA,Oman,Interior Oman,manual/2026,1200000.0,2006,0
1016,1016 - Dhofar.txt,OMA,Dhofar,Dhofar,wikidata/admin1,416458.0,1446,1
1017,1017 - Trung Bo.txt,VIN,Da Nang,Trung Bo,wikidata/admin1,2819900.0,959,0
1018,1018 - South Kyushu.txt,JAP,Minami Kyūshū,South Kyushu,census/admin,4500000.0,500,0
1019,1019 - South Tohoku.txt,JAP,Minami Tohoku,South Tohoku,census/admin,5000000.0,764,0
1020,1020 - Sanin.txt,JAP,San'in,Sanin,census/admin,1300000.0,390,0
1021,1021 - Actual Singapore.txt,SNG,Singapore,Actual Singapore,country-wpp2026,0.0,53,1
1022,1022 - Interior Borneo.txt,INS,Interior Borneo,Interior Borneo,wikidata/admin1,3549500.0,4351,0
1023,1023 - Brunei.txt,BRN,Brunei,Brunei,wikidata/admin1,307000.0,114,1
1024,1024 - Sabah.txt,MAL,Sabah,Sabah,wikidata/admin1,3418785.0,1533,1
1025,1025 - Zamboanga.txt,PHI,Zamboanga,Zamboanga,wikidata/admin1,3943837.0,419,1
1026,1026 - North Mindanao.txt,PHI,Northern Mindanao,North Mindanao,wikidata/admin1,5178326.0,819,0
1027,1027 - Bataan.txt,PHI,Bataan,Bataan,wikidata/admin1,891440.0,539,1
1028,1028 - Hamgyong.txt,DPK,Hamgyong,Hamgyong,wikidata/admin1,3066013.0,1957,1
1029,1029 - Gangwon.txt,KOR,Gangwon,Gangwon,census/admin,1539274.0,721,0
1030,1030 - Gyeongsang.txt,KOR,Gyeongsang,Gyeongsang,census/admin,12922473.0,699,1
1031,1031 - Chungcheong Jeolla.txt,KOR,Chungcheong-Jeolla,Chungcheong Jeolla,census/admin,11364567.0,1041,1
1032,1032 - Yanan.txt,CHI,Yan'an,Yanan,census/admin,39520000.0,1678,0
1033,1033 - Fangchenggang.txt,CHI,Nanlu,Fangchenggang,census/admin,50127000.0,807,1
1034,1034 - Suzhou.txt,CHI,Suzhou,Suzhou,census/admin,85260000.0,654,0
1035,1035 - Nanjing.txt,CHI,Nanjing,Nanjing,census/admin,85260000.0,418,0
1036,1036 - Wuhan.txt,CHI,Wuhan,Wuhan,census/admin,58300000.0,540,0
1037,1037 - Chongqing.txt,CHI,Chongqing,Chongqing,census/admin,31910000.0,1231,0
1038,1038 - Jinan.txt,CHI,Jinan,Jinan,census/admin,101232800.0,3118,0
1039,1039 - Hebei-Chahar.txt,CHI,Hebei-Chahar,Hebei-Chahar,census/admin,73930000.0,659,0
1040,1040 - Alxa.txt,CHI,Alxa,Alxa,census/admin,24000000.0,4253,0
1041,1041 - Chengdu.txt,CHI,Chengdu,Chengdu,census/admin,83680000.0,2080,0
1042,1042 - Khotan.txt,CHI,Khotan,Khotan,census/admin,25980000.0,8401,0
1043,1043 - Pailingmiao.txt,CHI,Pailingmiao,Pailingmiao,census/admin,24000000.0,1044,0
1044,1044 - Wuwei.txt,CHI,Wuwei,Wuwei,census/admin,24650000.0,2392,0
1045,1045 - Guyuan.txt,CHI,Guyuan,Guyuan,census/admin,24650000.0,990,0
1046,1046 - Yulin.txt,CHI,Yulin,Yulin,census/admin,24650000.0,972,0
1047,1047-Bangka-Belitung.txt,INS,Bangka-Belitung,Bangka-Belitung,wikidata/admin1,1531500.0,329,1
1048,1048-Padang.txt,INS,Padang,Padang,wikidata/admin1,5836200.0,2412,0
1049,1049-Medan and Riouw.txt,INS,Medan and Riouw,Medan and Riouw,wikidata/admin1,24499900.0,2744,1
1050,1050-Ajteh.txt,INS,Atjeh,Ajteh,wikidata/admin1,5407855.0,1141,1
1051,1051-East Java.txt,INS,East Java,East Java,wikidata/admin1,41814500.0,1554,1
1052,1052-Bali.txt,INS,Bali,Bali,wikidata/admin1,4362700.0,112,1
1053,1053-East Nusa Tenggara.txt,INS,East Nusa Tenggara,East Nusa Tenggara,wikidata/admin1,5656000.0,500,1
1054,1054-Dutch Timor.txt,INS,Dutch Timor,Dutch Timor,wikidata/admin1,5656000.0,284,1
1055,1055-Eastern Kalimantan.txt,INS,East Kalimantan,Eastern Kalimantan,wikidata/admin1,4045900.0,4074,1
1056,1056-Manado.txt,INS,Manado,Manado,wikidata/admin1,3929600.0,1883,1
1057,1057-Dutch Southern New Guinea.txt,INS,Dutch Papua,Dutch Southern New Guinea,wikidata/admin1,4542600.0,3024,0
1058,1058-Batavia.txt,INS,Batavia,Batavia,wikidata/admin1,23566591.0,266,1
1059,1059 - Limbang.txt,MAL,Limbang,Limbang,manual/2026,50000.0,403,0
1060,1060 - Johor.txt,MAL,Johor,Johor,wikidata/admin1,3348283.0,372,1
1061,1061 - Perlis Kedah.txt,MAL,Perlis-Kedah,Perlis Kedah,wikidata/admin1,251500.0,248,0
1062,1062 - Kelantan.txt,MAL,Kelantan-Terengganu,Kelantan,wikidata/admin1,1792500.0,640,1
1063,1063 - Pahang.txt,MAL,Pahang,Pahang,wikidata/admin1,1443365.0,586,0
1064,1064 - Perak.txt,MAL,Perak,Perak,wikidata/admin1,2258428.0,542,0
1065,1065 - Penang.txt,MAL,Penang,Penang,wikidata/admin1,1740400.0,41,1
1066,1066 - Mekong Delta.txt,VIN,Cochinchina,Mekong Delta,manual/2026,22000000.0,1137,1
1067,1067 - Battambang.txt,CAM,Battambang,Battambang,wikidata/admin1,997169.0,811,0
1068,1068 - Bassac.txt,LAO,Bassac,Bassac,manual/2026,2000000.0,992,0
1069,1069 - Lan Chang.txt,LAO,Lan Chang,Lan Chang,manual/2026,1200000.0,506,0
1070,1070 - Bougainville.txt,PNG,Bougainville,Bougainville,wikidata/admin1,367093.0,392,1
1071,1071 - Vanuatu.txt,VAN,Vanuatu,Vanuatu,country-wpp2026,0.0,268,1
1072,1072 - American Samoa.txt,USA,American Samoa,American Samoa,census/admin,45319.0,42,1
1073,1073 - Interior Papua.txt,PNG,Interior Papua,Interior Papua,manual/2026,4500000.0,3826,0
1074,1074 - Central West Australia.txt,AST,Central Western Australia,Central West Australia,wikidata/admin1,3008700.0,16477,0
1075,1075 - West Queensland.txt,AST,West Queensland,West Queensland,wikidata/admin1,5618800.0,10823,0
1076,1076 - Bangkok.txt,SIA,Bangkok State,Bangkok,wikidata/admin1,5676648.0,301,1
1077,1077 - Central Siam.txt,SIA,Central Siam,Central Siam,manual/2026,22000000.0,1157,0
1078,1078 - Eastern Siam.txt,SIA,Eastern Siam,Eastern Siam,manual/2026,6000000.0,707,0
1079,1079-Auckland.txt,NZL,Auckland,Auckland,wikidata/admin1,1816000.0,2278,1
1080,1080 - Marlborough.txt,NZL,Marlborough,Marlborough,wikidata/admin1,50800.0,1435,0
1081,1081 - Otago.txt,NZL,Otago,Otago,wikidata/admin1,253900.0,1582,0
1082,1082-Balta.txt,UKR,Balta,Balta,wikidata/admin1,2351392.0,653,0
1083,1083-Ceuta.txt,SPR,Ceuta,Ceuta,wikidata/admin1,83595.0,32,1
1084,1084-Mayotte.txt,FRA,Mayotte,Mayotte,wikidata/admin1,320901.0,38,1
1085,1085-Gaza.txt,HAM,Gaza,Gaza,country-wpp2026,0.0,77,1
1086,1086-West Bank.txt,PAL,West Bank,West Bank,country-wpp2026,0.0,59,0
1087,1087-Northern Cyprus.txt,NCY,Northern Cyprus,Northern Cyprus,country-wpp2026,0.0,144,1
1088,1088-Golan Heights.txt,ISR,Golan Heights,Golan Heights,manual/2026,50000.0,72,0
1089,1089-South Lebanon.txt,HEZ,South Lebanon,South Lebanon,country-wpp2026,0.0,85,1
1090,1090-US Virgin Islands.txt,USA,US Virgin Islands,US Virgin Islands,census/admin,83400.0,56,1
1091,1091-Martinique.txt,FRA,Martinique,Martinique,wikidata/admin1,360630.0,56,1
1092,1092-Saint Martin.txt,FRA,Saint Martin,Saint Martin,wikidata/admin1,32358.0,27,1
1093,1093-Dominica.txt,DMA,Dominica,Dominica,country-wpp2026,0.0,46,1
1094,1094-Saint Lucia.txt,STL,Saint Lucia,Saint Lucia,country-wpp2026,0.0,50,1
1095,1095-Saint Vincent.txt,SVG,Saint Vincent,Saint Vincent,country-wpp2026,0.0,48,1
1096,1096-Grenada.txt,GND,Grenada,Grenada,country-wpp2026,0.0,35,1
1097,1097-Melilla.txt,SPR,Melilla,Melilla,wikidata/admin1,86780.0,12,1
1098,1098-Srem.txt,SER,Srem,Srem,wikidata/admin1,312278.0,82,0
1099,1099-Iraqi Kurdistan.txt,IRQ,Iraqi Kurdistan,Iraqi Kurdistan,manual/2026,6500000.0,1367,0
1100,1100-Rojava.txt,ROJ,Northeast Syria,Rojava,country-wpp2026,0.0,1439,0
1101,1101-South Ossetia.txt,SOE,South Ossetia,South Ossetia,country-wpp2026,0.0,82,0
1102,1102-Marib.txt,YEM,Marib,Marib,country-wpp2026,0.0,1084,0
1103,1103-Suwayda.txt,DRZ,Suwayda,Suwayda,country-wpp2026,0.0,182,0
1104,1104-Peace Spring.txt,SNA,Peace Spring,Peace Spring,country-wpp2026,0.0,423,0
1105,1105-Puntland.txt,PNT,Puntland,Puntland,country-wpp2026,0.0,1774,1
1106,1106-Jilib.txt,SHB,Jilib,Jilib,country-wpp2026,0.0,2341,0
1107,1107-Goma.txt,M23,Goma,Goma,country-wpp2026,0.0,788,0
1108,1108-Nakhchivan.txt,AZR,Nakhchivan,Nakhchivan,wikidata/admin1,94400.0,148,0
1109,1109-Panjshir.txt,NRF,Panjshir,Panjshir,country-wpp2026,0.0,396,0
1110,1110-Lesotho.txt,LES,Lesotho,Lesotho,country-wpp2026,0.0,862,0
1111,1111-Eswatini.txt,SWZ,Eswatini,Eswatini,country-wpp2026,0.0,402,0
1112,1112-Guantanamo Bay.txt,USA,Guantanamo Bay,Guantanamo Bay,manual/2026,6000.0,20,1
1113,1113-Azov Zaporizhzhia.txt,UKR,Azov Zaporizhzhia,Azov Zaporizhzhia,wikidata/admin1,1638462.0,574,0
1114,1114-Left Bank Kherson.txt,UKR,Left-Bank Kherson,Left Bank Kherson,wikidata/admin1,1001598.0,662,0
1115,1115-Kramatorsk.txt,UKR,Kramatorsk,Kramatorsk,wikidata/admin1,4200461.0,277,0
1116,1116-Mocha.txt,YNR,Mocha,Mocha,country-wpp2026,0.0,506,1
1117,1117-Trieste.txt,ITA,Trieste,Trieste,wikidata/admin1,240000.0,51,1
1118,1118-Sahrawi Free Zone.txt,WES,Sahrawi Free Zone,Sahrawi Free Zone,country-wpp2026,0.0,4348,1
1119,1119-Aksai Chin.txt,CHI,Aksai Chin,Aksai Chin,census/admin,20000.0,1283,0
1120,1120-Tel Aviv.txt,ISR,Tel Aviv,Tel Aviv,wikidata/admin1,1350000.0,209,1
1121,1121-Jonglei.txt,SIO,Jonglei,Jonglei,country-wpp2026,0.0,2417,0
